------------------------------------------------------------------
------------------- category 데이터 생성 (15개) ------------------
------------------------------------------------------------------

INSERT INTO category (id, name, delete_status, created_at, updated_at)
VALUES ('01939a8c-1234-7000-8000-000000000001-category', '가구/인테리어', 'N', NOW(), NOW());

INSERT INTO category (id, name, delete_status, created_at, updated_at)
VALUES ('01939a8c-1234-7000-8000-000000000002-category', '가방/지갑', 'N', NOW(), NOW());

INSERT INTO category (id, name, delete_status, created_at, updated_at)
VALUES ('01939a8c-1234-7000-8000-000000000003-category', '가전제품', 'N', NOW(), NOW());

INSERT INTO category (id, name, delete_status, created_at, updated_at)
VALUES ('01939a8c-1234-7000-8000-000000000004-category', '기타', 'N', NOW(), NOW());

INSERT INTO category (id, name, delete_status, created_at, updated_at)
VALUES ('01939a8c-1234-7000-8000-000000000005-category', '도서', 'N', NOW(), NOW());

INSERT INTO category (id, name, delete_status, created_at, updated_at)
VALUES ('01939a8c-1234-7000-8000-000000000006-category', '생활용품', 'N', NOW(), NOW());

INSERT INTO category (id, name, delete_status, created_at, updated_at)
VALUES ('01939a8c-1234-7000-8000-000000000007-category', '스포츠/레저', 'N', NOW(), NOW());

INSERT INTO category (id, name, delete_status, created_at, updated_at)
VALUES ('01939a8c-1234-7000-8000-000000000008-category', '뷰티/미용', 'N', NOW(), NOW());

INSERT INTO category (id, name, delete_status, created_at, updated_at)
VALUES ('01939a8c-1234-7000-8000-000000000009-category', '신발', 'N', NOW(), NOW());

INSERT INTO category (id, name, delete_status, created_at, updated_at)
VALUES ('01939a8c-1234-7000-8000-000000000010-category', '식품', 'N', NOW(), NOW());

INSERT INTO category (id, name, delete_status, created_at, updated_at)
VALUES ('01939a8c-1234-7000-8000-000000000011-category', '유아동', 'N', NOW(), NOW());

INSERT INTO category (id, name, delete_status, created_at, updated_at)
VALUES ('01939a8c-1234-7000-8000-000000000012-category', '의류', 'N', NOW(), NOW());

INSERT INTO category (id, name, delete_status, created_at, updated_at)
VALUES ('01939a8c-1234-7000-8000-000000000013-category', '전자기기', 'N', NOW(), NOW());

INSERT INTO category (id, name, delete_status, created_at, updated_at)
VALUES ('01939a8c-1234-7000-8000-000000000014-category', '취미/게임', 'N', NOW(), NOW());

INSERT INTO category (id, name, delete_status, created_at, updated_at)
VALUES ('01939a8c-1234-7000-8000-000000000015-category', '반려동물용품', 'N', NOW(), NOW());

------------------------------------------------------------------
-------------------- tag 데이터 생성 (50개) ----------------------
------------------------------------------------------------------

-- 상품 상태
INSERT INTO tag (id, name, delete_status, created_at, updated_at) VALUES ('01939a8c-2000-7000-8000-000000000001-tag', '새상품', 'N', NOW(), NOW());
INSERT INTO tag (id, name, delete_status, created_at, updated_at) VALUES ('01939a8c-2000-7000-8000-000000000002-tag', '거의새것', 'N', NOW(), NOW());
INSERT INTO tag (id, name, delete_status, created_at, updated_at) VALUES ('01939a8c-2000-7000-8000-000000000003-tag', '중고', 'N', NOW(), NOW());
INSERT INTO tag (id, name, delete_status, created_at, updated_at) VALUES ('01939a8c-2000-7000-8000-000000000004-tag', '미개봉', 'N', NOW(), NOW());

-- 거래 방식
INSERT INTO tag (id, name, delete_status, created_at, updated_at) VALUES ('01939a8c-2000-7000-8000-000000000005-tag', '직거래', 'N', NOW(), NOW());
INSERT INTO tag (id, name, delete_status, created_at, updated_at) VALUES ('01939a8c-2000-7000-8000-000000000006-tag', '택배거래', 'N', NOW(), NOW());
INSERT INTO tag (id, name, delete_status, created_at, updated_at) VALUES ('01939a8c-2000-7000-8000-000000000007-tag', '안전거래', 'N', NOW(), NOW());
INSERT INTO tag (id, name, delete_status, created_at, updated_at) VALUES ('01939a8c-2000-7000-8000-000000000008-tag', '무료배송', 'N', NOW(), NOW());

-- 가격 관련
INSERT INTO tag (id, name, delete_status, created_at, updated_at) VALUES ('01939a8c-2000-7000-8000-000000000009-tag', '네고가능', 'N', NOW(), NOW());
INSERT INTO tag (id, name, delete_status, created_at, updated_at) VALUES ('01939a8c-2000-7000-8000-000000000010-tag', '급처', 'N', NOW(), NOW());
INSERT INTO tag (id, name, delete_status, created_at, updated_at) VALUES ('01939a8c-2000-7000-8000-000000000011-tag', '나눔', 'N', NOW(), NOW());
INSERT INTO tag (id, name, delete_status, created_at, updated_at) VALUES ('01939a8c-2000-7000-8000-000000000012-tag', '교환가능', 'N', NOW(), NOW());

-- 전자기기
INSERT INTO tag (id, name, delete_status, created_at, updated_at) VALUES ('01939a8c-2000-7000-8000-000000000013-tag', '아이폰', 'N', NOW(), NOW());
INSERT INTO tag (id, name, delete_status, created_at, updated_at) VALUES ('01939a8c-2000-7000-8000-000000000014-tag', '갤럭시', 'N', NOW(), NOW());
INSERT INTO tag (id, name, delete_status, created_at, updated_at) VALUES ('01939a8c-2000-7000-8000-000000000015-tag', '맥북', 'N', NOW(), NOW());
INSERT INTO tag (id, name, delete_status, created_at, updated_at) VALUES ('01939a8c-2000-7000-8000-000000000016-tag', '아이패드', 'N', NOW(), NOW());
INSERT INTO tag (id, name, delete_status, created_at, updated_at) VALUES ('01939a8c-2000-7000-8000-000000000017-tag', '에어팟', 'N', NOW(), NOW());
INSERT INTO tag (id, name, delete_status, created_at, updated_at) VALUES ('01939a8c-2000-7000-8000-000000000018-tag', '애플케어', 'N', NOW(), NOW());

-- 용량
INSERT INTO tag (id, name, delete_status, created_at, updated_at) VALUES ('01939a8c-2000-7000-8000-000000000019-tag', '128GB', 'N', NOW(), NOW());
INSERT INTO tag (id, name, delete_status, created_at, updated_at) VALUES ('01939a8c-2000-7000-8000-000000000020-tag', '256GB', 'N', NOW(), NOW());
INSERT INTO tag (id, name, delete_status, created_at, updated_at) VALUES ('01939a8c-2000-7000-8000-000000000021-tag', '512GB', 'N', NOW(), NOW());

-- 색상
INSERT INTO tag (id, name, delete_status, created_at, updated_at) VALUES ('01939a8c-2000-7000-8000-000000000022-tag', '블랙', 'N', NOW(), NOW());
INSERT INTO tag (id, name, delete_status, created_at, updated_at) VALUES ('01939a8c-2000-7000-8000-000000000023-tag', '화이트', 'N', NOW(), NOW());

-- 의류 사이즈
INSERT INTO tag (id, name, delete_status, created_at, updated_at) VALUES ('01939a8c-2000-7000-8000-000000000024-tag', '프리사이즈', 'N', NOW(), NOW());
INSERT INTO tag (id, name, delete_status, created_at, updated_at) VALUES ('01939a8c-2000-7000-8000-000000000025-tag', 'S', 'N', NOW(), NOW());
INSERT INTO tag (id, name, delete_status, created_at, updated_at) VALUES ('01939a8c-2000-7000-8000-000000000026-tag', 'M', 'N', NOW(), NOW());
INSERT INTO tag (id, name, delete_status, created_at, updated_at) VALUES ('01939a8c-2000-7000-8000-000000000027-tag', 'L', 'N', NOW(), NOW());
INSERT INTO tag (id, name, delete_status, created_at, updated_at) VALUES ('01939a8c-2000-7000-8000-000000000028-tag', 'XL', 'N', NOW(), NOW());

-- 인기 브랜드
INSERT INTO tag (id, name, delete_status, created_at, updated_at) VALUES ('01939a8c-2000-7000-8000-000000000029-tag', '나이키', 'N', NOW(), NOW());
INSERT INTO tag (id, name, delete_status, created_at, updated_at) VALUES ('01939a8c-2000-7000-8000-000000000030-tag', '아디다스', 'N', NOW(), NOW());
INSERT INTO tag (id, name, delete_status, created_at, updated_at) VALUES ('01939a8c-2000-7000-8000-000000000031-tag', '노스페이스', 'N', NOW(), NOW());
INSERT INTO tag (id, name, delete_status, created_at, updated_at) VALUES ('01939a8c-2000-7000-8000-000000000032-tag', '뉴발란스', 'N', NOW(), NOW());

-- 계절/용도
INSERT INTO tag (id, name, delete_status, created_at, updated_at) VALUES ('01939a8c-2000-7000-8000-000000000033-tag', '겨울용', 'N', NOW(), NOW());
INSERT INTO tag (id, name, delete_status, created_at, updated_at) VALUES ('01939a8c-2000-7000-8000-000000000034-tag', '여름용', 'N', NOW(), NOW());
INSERT INTO tag (id, name, delete_status, created_at, updated_at) VALUES ('01939a8c-2000-7000-8000-000000000035-tag', '데일리룩', 'N', NOW(), NOW());
INSERT INTO tag (id, name, delete_status, created_at, updated_at) VALUES ('01939a8c-2000-7000-8000-000000000036-tag', '운동용', 'N', NOW(), NOW());

-- 제품 상태
INSERT INTO tag (id, name, delete_status, created_at, updated_at) VALUES ('01939a8c-2000-7000-8000-000000000037-tag', '정품', 'N', NOW(), NOW());
INSERT INTO tag (id, name, delete_status, created_at, updated_at) VALUES ('01939a8c-2000-7000-8000-000000000038-tag', '정품박스', 'N', NOW(), NOW());
INSERT INTO tag (id, name, delete_status, created_at, updated_at) VALUES ('01939a8c-2000-7000-8000-000000000039-tag', '한정판', 'N', NOW(), NOW());
INSERT INTO tag (id, name, delete_status, created_at, updated_at) VALUES ('01939a8c-2000-7000-8000-000000000040-tag', '빈티지', 'N', NOW(), NOW());

-- 판매 특징
INSERT INTO tag (id, name, delete_status, created_at, updated_at) VALUES ('01939a8c-2000-7000-8000-000000000041-tag', '세트', 'N', NOW(), NOW());
INSERT INTO tag (id, name, delete_status, created_at, updated_at) VALUES ('01939a8c-2000-7000-8000-000000000042-tag', '덤포함', 'N', NOW(), NOW());
INSERT INTO tag (id, name, delete_status, created_at, updated_at) VALUES ('01939a8c-2000-7000-8000-000000000043-tag', '인기상품', 'N', NOW(), NOW());
INSERT INTO tag (id, name, delete_status, created_at, updated_at) VALUES ('01939a8c-2000-7000-8000-000000000044-tag', '추천', 'N', NOW(), NOW());

-- 배송
INSERT INTO tag (id, name, delete_status, created_at, updated_at) VALUES ('01939a8c-2000-7000-8000-000000000045-tag', '당일발송', 'N', NOW(), NOW());
INSERT INTO tag (id, name, delete_status, created_at, updated_at) VALUES ('01939a8c-2000-7000-8000-000000000046-tag', '빠른배송', 'N', NOW(), NOW());

-- 인증
INSERT INTO tag (id, name, delete_status, created_at, updated_at) VALUES ('01939a8c-2000-7000-8000-000000000047-tag', '정품인증', 'N', NOW(), NOW());
INSERT INTO tag (id, name, delete_status, created_at, updated_at) VALUES ('01939a8c-2000-7000-8000-000000000048-tag', '영수증포함', 'N', NOW(), NOW());
INSERT INTO tag (id, name, delete_status, created_at, updated_at) VALUES ('01939a8c-2000-7000-8000-000000000049-tag', '보증서', 'N', NOW(), NOW());
INSERT INTO tag (id, name, delete_status, created_at, updated_at) VALUES ('01939a8c-2000-7000-8000-000000000050-tag', 'AS가능', 'N', NOW(), NOW());

------------------------------------------------------------------
----------------- 상품 게시글 데이터 생성 (100개) ----------------
------------------------------------------------------------------

-- #1: 아이폰 15 Pro
INSERT INTO images (id, original_file_name, stored_file_name, s3_url, s3_key, original_file_size, original_content_type, compressed_file_size, converted_content_type, image_target, delete_status, created_at, updated_at) VALUES ('01939a8c-3001-7000-8000-000000000001-images', 'iphone15pro.jpg', 'iphone15pro.webp', 'https://s3.amazonaws.com/products/iphone15pro.webp', 'products/iphone15pro.webp', 2048000, 'image/jpeg', 512000, 'WEBP', 'PRODUCT', 'N', NOW(), NOW());
INSERT INTO product_post (id, user_id, category_id, title, name, price, description, status, trade_status, view_count, liked_count, delete_status, created_at, updated_at) VALUES ('01939a8c-4001-7000-8000-000000000001-product', '01939a8c-5000-7000-8000-000000000001-user', '01939a8c-1234-7000-8000-000000000013-category', '아이폰 15 Pro 256GB 블루 판매', 'iPhone 15 Pro', 1200000, '2개월 사용, 케이스 사용으로 상태 깨끗, 정품박스+충전기 포함, 애플케어 1년 남음', 'GOOD', 'SELLING', 0, 0, 'N', NOW(), NOW());
INSERT INTO product_post_images (id, product_post_id, image_id, display_order, is_primary, delete_status, created_at, updated_at) VALUES ('01939a8c-6001-7000-8000-000000000001-product_post_images', '01939a8c-4001-7000-8000-000000000001-product', '01939a8c-3001-7000-8000-000000000001-images', 0, true, 'N', NOW(), NOW());
INSERT INTO product_post_tag (product_post_id, tag_id) VALUES ('01939a8c-4001-7000-8000-000000000001-product', '01939a8c-2000-7000-8000-000000000013-tag'), ('01939a8c-4001-7000-8000-000000000001-product', '01939a8c-2000-7000-8000-000000000020-tag'), ('01939a8c-4001-7000-8000-000000000001-product', '01939a8c-2000-7000-8000-000000000018-tag');

-- #2: 갤럭시 S24
INSERT INTO images (id, original_file_name, stored_file_name, s3_url, s3_key, original_file_size, original_content_type, compressed_file_size, converted_content_type, image_target, delete_status, created_at, updated_at) VALUES ('01939a8c-3002-7000-8000-000000000001-images', 'galaxys24.jpg', 'galaxys24.webp', 'https://s3.amazonaws.com/products/galaxys24.webp', 'products/galaxys24.webp', 1920000, 'image/jpeg', 480000, 'WEBP', 'PRODUCT', 'N', NOW(), NOW());
INSERT INTO product_post (id, user_id, category_id, title, name, price, description, status, trade_status, view_count, liked_count, delete_status, created_at, updated_at) VALUES ('01939a8c-4002-7000-8000-000000000001-product', '01939a8c-5000-7000-8000-000000000002-user', '01939a8c-1234-7000-8000-000000000013-category', '갤럭시 S24 울트라 512GB 급처', 'Galaxy S24 Ultra', 1350000, '미개봉 새상품, 사은품 포함, 빠른거래 원합니다', 'NEW', 'SELLING', 0, 0, 'N', NOW(), NOW());
INSERT INTO product_post_images (id, product_post_id, image_id, display_order, is_primary, delete_status, created_at, updated_at) VALUES ('01939a8c-6002-7000-8000-000000000001-product_post_images', '01939a8c-4002-7000-8000-000000000001-product', '01939a8c-3002-7000-8000-000000000001-images', 0, true, 'N', NOW(), NOW());
INSERT INTO product_post_tag (product_post_id, tag_id) VALUES ('01939a8c-4002-7000-8000-000000000001-product', '01939a8c-2000-7000-8000-000000000014-tag'), ('01939a8c-4002-7000-8000-000000000001-product', '01939a8c-2000-7000-8000-000000000001-tag'), ('01939a8c-4002-7000-8000-000000000001-product', '01939a8c-2000-7000-8000-000000000010-tag');

-- #3: 맥북 프로
INSERT INTO images (id, original_file_name, stored_file_name, s3_url, s3_key, original_file_size, original_content_type, compressed_file_size, converted_content_type, image_target, delete_status, created_at, updated_at) VALUES ('01939a8c-3003-7000-8000-000000000001-images', 'macbookpro.jpg', 'macbookpro.webp', 'https://s3.amazonaws.com/products/macbookpro.webp', 'products/macbookpro.webp', 2200000, 'image/jpeg', 550000, 'WEBP', 'PRODUCT', 'N', NOW(), NOW());
INSERT INTO product_post (id, user_id, category_id, title, name, price, description, status, trade_status, view_count, liked_count, delete_status, created_at, updated_at) VALUES ('01939a8c-4003-7000-8000-000000000001-product', '01939a8c-5000-7000-8000-000000000003-user', '01939a8c-1234-7000-8000-000000000013-category', '맥북 프로 M3 14인치 팝니다', 'MacBook Pro M3', 2500000, '1년 사용, 애플케어+ 2년 남음, 스크래치 전혀 없음', 'GOOD', 'SELLING', 0, 0, 'N', NOW(), NOW());
INSERT INTO product_post_images (id, product_post_id, image_id, display_order, is_primary, delete_status, created_at, updated_at) VALUES ('01939a8c-6003-7000-8000-000000000001-product_post_images', '01939a8c-4003-7000-8000-000000000001-product', '01939a8c-3003-7000-8000-000000000001-images', 0, true, 'N', NOW(), NOW());
INSERT INTO product_post_tag (product_post_id, tag_id) VALUES ('01939a8c-4003-7000-8000-000000000001-product', '01939a8c-2000-7000-8000-000000000015-tag'), ('01939a8c-4003-7000-8000-000000000001-product', '01939a8c-2000-7000-8000-000000000037-tag'), ('01939a8c-4003-7000-8000-000000000001-product', '01939a8c-2000-7000-8000-000000000009-tag');

-- #4: 에어팟 프로
INSERT INTO images (id, original_file_name, stored_file_name, s3_url, s3_key, original_file_size, original_content_type, compressed_file_size, converted_content_type, image_target, delete_status, created_at, updated_at) VALUES ('01939a8c-3004-7000-8000-000000000001-images', 'airpodspro.jpg', 'airpodspro.webp', 'https://s3.amazonaws.com/products/airpodspro.webp', 'products/airpodspro.webp', 1024000, 'image/jpeg', 256000, 'WEBP', 'PRODUCT', 'N', NOW(), NOW());
INSERT INTO product_post (id, user_id, category_id, title, name, price, description, status, trade_status, view_count, liked_count, delete_status, created_at, updated_at) VALUES ('01939a8c-4004-7000-8000-000000000001-product', '01939a8c-5000-7000-8000-000000000004-user', '01939a8c-1234-7000-8000-000000000013-category', '에어팟 프로 2세대 USB-C', 'AirPods Pro 2', 280000, '3개월 사용, 정품 박스 포함, 깨끗한 상태', 'GOOD', 'SELLING', 0, 0, 'N', NOW(), NOW());
INSERT INTO product_post_images (id, product_post_id, image_id, display_order, is_primary, delete_status, created_at, updated_at) VALUES ('01939a8c-6004-7000-8000-000000000001-product_post_images', '01939a8c-4004-7000-8000-000000000001-product', '01939a8c-3004-7000-8000-000000000001-images', 0, true, 'N', NOW(), NOW());
INSERT INTO product_post_tag (product_post_id, tag_id) VALUES ('01939a8c-4004-7000-8000-000000000001-product', '01939a8c-2000-7000-8000-000000000017-tag'), ('01939a8c-4004-7000-8000-000000000001-product', '01939a8c-2000-7000-8000-000000000037-tag'), ('01939a8c-4004-7000-8000-000000000001-product', '01939a8c-2000-7000-8000-000000000006-tag');

-- #5: 아이패드 에어
INSERT INTO images (id, original_file_name, stored_file_name, s3_url, s3_key, original_file_size, original_content_type, compressed_file_size, converted_content_type, image_target, delete_status, created_at, updated_at) VALUES ('01939a8c-3005-7000-8000-000000000001-images', 'ipadair.jpg', 'ipadair.webp', 'https://s3.amazonaws.com/products/ipadair.webp', 'products/ipadair.webp', 1800000, 'image/jpeg', 450000, 'WEBP', 'PRODUCT', 'N', NOW(), NOW());
INSERT INTO product_post (id, user_id, category_id, title, name, price, description, status, trade_status, view_count, liked_count, delete_status, created_at, updated_at) VALUES ('01939a8c-4005-7000-8000-000000000001-product', '01939a8c-5000-7000-8000-000000000005-user', '01939a8c-1234-7000-8000-000000000013-category', '아이패드 에어 5세대 256GB', 'iPad Air 5', 750000, '펜슬 2세대 포함, 6개월 사용, 보호필름 부착', 'GOOD', 'SELLING', 0, 0, 'N', NOW(), NOW());
INSERT INTO product_post_images (id, product_post_id, image_id, display_order, is_primary, delete_status, created_at, updated_at) VALUES ('01939a8c-6005-7000-8000-000000000001-product_post_images', '01939a8c-4005-7000-8000-000000000001-product', '01939a8c-3005-7000-8000-000000000001-images', 0, true, 'N', NOW(), NOW());
INSERT INTO product_post_tag (product_post_id, tag_id) VALUES ('01939a8c-4005-7000-8000-000000000001-product', '01939a8c-2000-7000-8000-000000000016-tag'), ('01939a8c-4005-7000-8000-000000000001-product', '01939a8c-2000-7000-8000-000000000020-tag'), ('01939a8c-4005-7000-8000-000000000001-product', '01939a8c-2000-7000-8000-000000000042-tag');

-- #6: 나이키 조던1
INSERT INTO images (id, original_file_name, stored_file_name, s3_url, s3_key, original_file_size, original_content_type, compressed_file_size, converted_content_type, image_target, delete_status, created_at, updated_at) VALUES ('01939a8c-3006-7000-8000-000000000001-images', 'jordan1.jpg', 'jordan1.webp', 'https://s3.amazonaws.com/products/jordan1.webp', 'products/jordan1.webp', 1600000, 'image/jpeg', 400000, 'WEBP', 'PRODUCT', 'N', NOW(), NOW());
INSERT INTO product_post (id, user_id, category_id, title, name, price, description, status, trade_status, view_count, liked_count, delete_status, created_at, updated_at) VALUES ('01939a8c-4006-7000-8000-000000000001-product', '01939a8c-5000-7000-8000-000000000006-user', '01939a8c-1234-7000-8000-000000000009-category', '나이키 조던1 레트로 하이 280', 'Air Jordan 1', 250000, '미착용 새상품, 정품박스 포함, 280사이즈', 'NEW', 'SELLING', 0, 0, 'N', NOW(), NOW());
INSERT INTO product_post_images (id, product_post_id, image_id, display_order, is_primary, delete_status, created_at, updated_at) VALUES ('01939a8c-6006-7000-8000-000000000001-product_post_images', '01939a8c-4006-7000-8000-000000000001-product', '01939a8c-3006-7000-8000-000000000001-images', 0, true, 'N', NOW(), NOW());
INSERT INTO product_post_tag (product_post_id, tag_id) VALUES ('01939a8c-4006-7000-8000-000000000001-product', '01939a8c-2000-7000-8000-000000000029-tag'), ('01939a8c-4006-7000-8000-000000000001-product', '01939a8c-2000-7000-8000-000000000001-tag'), ('01939a8c-4006-7000-8000-000000000001-product', '01939a8c-2000-7000-8000-000000000039-tag');

-- #7: 노스페이스 패딩
INSERT INTO images (id, original_file_name, stored_file_name, s3_url, s3_key, original_file_size, original_content_type, compressed_file_size, converted_content_type, image_target, delete_status, created_at, updated_at) VALUES ('01939a8c-3007-7000-8000-000000000001-images', 'northface.jpg', 'northface.webp', 'https://s3.amazonaws.com/products/northface.webp', 'products/northface.webp', 1500000, 'image/jpeg', 375000, 'WEBP', 'PRODUCT', 'N', NOW(), NOW());
INSERT INTO product_post (id, user_id, category_id, title, name, price, description, status, trade_status, view_count, liked_count, delete_status, created_at, updated_at) VALUES ('01939a8c-4007-7000-8000-000000000001-product', '01939a8c-5000-7000-8000-000000000007-user', '01939a8c-1234-7000-8000-000000000012-category', '노스페이스 눕시 패딩 블랙 L', 'The North Face Nuptse', 320000, '작년 겨울 구매, 시즌 끝나서 판매, 거의 새것', 'GOOD', 'SELLING', 0, 0, 'N', NOW(), NOW());
INSERT INTO product_post_images (id, product_post_id, image_id, display_order, is_primary, delete_status, created_at, updated_at) VALUES ('01939a8c-6007-7000-8000-000000000001-product_post_images', '01939a8c-4007-7000-8000-000000000001-product', '01939a8c-3007-7000-8000-000000000001-images', 0, true, 'N', NOW(), NOW());
INSERT INTO product_post_tag (product_post_id, tag_id) VALUES ('01939a8c-4007-7000-8000-000000000001-product', '01939a8c-2000-7000-8000-000000000031-tag'), ('01939a8c-4007-7000-8000-000000000001-product', '01939a8c-2000-7000-8000-000000000027-tag'), ('01939a8c-4007-7000-8000-000000000001-product', '01939a8c-2000-7000-8000-000000000033-tag');

-- #8: 다이슨 청소기
INSERT INTO images (id, original_file_name, stored_file_name, s3_url, s3_key, original_file_size, original_content_type, compressed_file_size, converted_content_type, image_target, delete_status, created_at, updated_at) VALUES ('01939a8c-3008-7000-8000-000000000001-images', 'dyson.jpg', 'dyson.webp', 'https://s3.amazonaws.com/products/dyson.webp', 'products/dyson.webp', 1700000, 'image/jpeg', 425000, 'WEBP', 'PRODUCT', 'N', NOW(), NOW());
INSERT INTO product_post (id, user_id, category_id, title, name, price, description, status, trade_status, view_count, liked_count, delete_status, created_at, updated_at) VALUES ('01939a8c-4008-7000-8000-000000000001-product', '01939a8c-5000-7000-8000-000000000008-user', '01939a8c-1234-7000-8000-000000000003-category', '다이슨 V15 무선청소기', 'Dyson V15 Detect', 550000, '1년 사용, 필터 새것으로 교체, 작동 완벽', 'GOOD', 'SELLING', 0, 0, 'N', NOW(), NOW());
INSERT INTO product_post_images (id, product_post_id, image_id, display_order, is_primary, delete_status, created_at, updated_at) VALUES ('01939a8c-6008-7000-8000-000000000001-product_post_images', '01939a8c-4008-7000-8000-000000000001-product', '01939a8c-3008-7000-8000-000000000001-images', 0, true, 'N', NOW(), NOW());
INSERT INTO product_post_tag (product_post_id, tag_id) VALUES ('01939a8c-4008-7000-8000-000000000001-product', '01939a8c-2000-7000-8000-000000000037-tag'), ('01939a8c-4008-7000-8000-000000000001-product', '01939a8c-2000-7000-8000-000000000009-tag');

-- #9: 소니 헤드폰
INSERT INTO images (id, original_file_name, stored_file_name, s3_url, s3_key, original_file_size, original_content_type, compressed_file_size, converted_content_type, image_target, delete_status, created_at, updated_at) VALUES ('01939a8c-3009-7000-8000-000000000001-images', 'sony.jpg', 'sony.webp', 'https://s3.amazonaws.com/products/sony.webp', 'products/sony.webp', 1400000, 'image/jpeg', 350000, 'WEBP', 'PRODUCT', 'N', NOW(), NOW());
INSERT INTO product_post (id, user_id, category_id, title, name, price, description, status, trade_status, view_count, liked_count, delete_status, created_at, updated_at) VALUES ('01939a8c-4009-7000-8000-000000000001-product', '01939a8c-5000-7000-8000-000000000009-user', '01939a8c-1234-7000-8000-000000000013-category', '소니 WH-1000XM5 블랙', 'Sony WH-1000XM5', 320000, '5개월 사용, 노이즈캔슬링 완벽, 정품케이스 포함', 'GOOD', 'SELLING', 0, 0, 'N', NOW(), NOW());
INSERT INTO product_post_images (id, product_post_id, image_id, display_order, is_primary, delete_status, created_at, updated_at) VALUES ('01939a8c-6009-7000-8000-000000000001-product_post_images', '01939a8c-4009-7000-8000-000000000001-product', '01939a8c-3009-7000-8000-000000000001-images', 0, true, 'N', NOW(), NOW());
INSERT INTO product_post_tag (product_post_id, tag_id) VALUES ('01939a8c-4009-7000-8000-000000000001-product', '01939a8c-2000-7000-8000-000000000022-tag'), ('01939a8c-4009-7000-8000-000000000001-product', '01939a8c-2000-7000-8000-000000000009-tag');

-- #10: 캐논 카메라
INSERT INTO images (id, original_file_name, stored_file_name, s3_url, s3_key, original_file_size, original_content_type, compressed_file_size, converted_content_type, image_target, delete_status, created_at, updated_at) VALUES ('01939a8c-3010-7000-8000-000000000001-images', 'canon.jpg', 'canon.webp', 'https://s3.amazonaws.com/products/canon.webp', 'products/canon.webp', 2100000, 'image/jpeg', 525000, 'WEBP', 'PRODUCT', 'N', NOW(), NOW());
INSERT INTO product_post (id, user_id, category_id, title, name, price, description, status, trade_status, view_count, liked_count, delete_status, created_at, updated_at) VALUES ('01939a8c-4010-7000-8000-000000000001-product', '01939a8c-5000-7000-8000-000000000010-user', '01939a8c-1234-7000-8000-000000000013-category', '캐논 EOS R6 Mark II 바디', 'Canon EOS R6 II', 2800000, '6개월 사용, 셔터수 5천, 정품박스+케이블 모두 포함', 'GOOD', 'SELLING', 0, 0, 'N', NOW(), NOW());
INSERT INTO product_post_images (id, product_post_id, image_id, display_order, is_primary, delete_status, created_at, updated_at) VALUES ('01939a8c-6010-7000-8000-000000000001-product_post_images', '01939a8c-4010-7000-8000-000000000001-product', '01939a8c-3010-7000-8000-000000000001-images', 0, true, 'N', NOW(), NOW());
INSERT INTO product_post_tag (product_post_id, tag_id) VALUES ('01939a8c-4010-7000-8000-000000000001-product', '01939a8c-2000-7000-8000-000000000037-tag'), ('01939a8c-4010-7000-8000-000000000001-product', '01939a8c-2000-7000-8000-000000000038-tag');

-- #11: 닌텐도 스위치
INSERT INTO images (id, original_file_name, stored_file_name, s3_url, s3_key, original_file_size, original_content_type, compressed_file_size, converted_content_type, image_target, delete_status, created_at, updated_at) VALUES ('01939a8c-3011-7000-8000-000000000001-images', 'switch.jpg', 'switch.webp', 'https://s3.amazonaws.com/products/switch.webp', 'products/switch.webp', 1300000, 'image/jpeg', 325000, 'WEBP', 'PRODUCT', 'N', NOW(), NOW());
INSERT INTO product_post (id, user_id, category_id, title, name, price, description, status, trade_status, view_count, liked_count, delete_status, created_at, updated_at) VALUES ('01939a8c-4011-7000-8000-000000000001-product', '01939a8c-5000-7000-8000-000000000011-user', '01939a8c-1234-7000-8000-000000000013-category', '닌텐도 스위치 OLED 화이트', 'Nintendo Switch OLED', 320000, '3개월 사용, 게임 3개 포함, 보호필름 부착', 'GOOD', 'SELLING', 0, 0, 'N', NOW(), NOW());
INSERT INTO product_post_images (id, product_post_id, image_id, display_order, is_primary, delete_status, created_at, updated_at) VALUES ('01939a8c-6011-7000-8000-000000000001-product_post_images', '01939a8c-4011-7000-8000-000000000001-product', '01939a8c-3011-7000-8000-000000000001-images', 0, true, 'N', NOW(), NOW());
INSERT INTO product_post_tag (product_post_id, tag_id) VALUES ('01939a8c-4011-7000-8000-000000000001-product', '01939a8c-2000-7000-8000-000000000023-tag'), ('01939a8c-4011-7000-8000-000000000001-product', '01939a8c-2000-7000-8000-000000000041-tag');

-- #12: LG 그램 노트북
INSERT INTO images (id, original_file_name, stored_file_name, s3_url, s3_key, original_file_size, original_content_type, compressed_file_size, converted_content_type, image_target, delete_status, created_at, updated_at) VALUES ('01939a8c-3012-7000-8000-000000000001-images', 'lggram.jpg', 'lggram.webp', 'https://s3.amazonaws.com/products/lggram.webp', 'products/lggram.webp', 1900000, 'image/jpeg', 475000, 'WEBP', 'PRODUCT', 'N', NOW(), NOW());
INSERT INTO product_post (id, user_id, category_id, title, name, price, description, status, trade_status, view_count, liked_count, delete_status, created_at, updated_at) VALUES ('01939a8c-4012-7000-8000-000000000001-product', '01939a8c-5000-7000-8000-000000000012-user', '01939a8c-1234-7000-8000-000000000013-category', 'LG 그램 17인치 2023년형', 'LG Gram 17', 1800000, '1년 사용, i7/16GB/512GB, 무게 1.3kg, 배터리 수명 우수', 'GOOD', 'SELLING', 0, 0, 'N', NOW(), NOW());
INSERT INTO product_post_images (id, product_post_id, image_id, display_order, is_primary, delete_status, created_at, updated_at) VALUES ('01939a8c-6012-7000-8000-000000000001-product_post_images', '01939a8c-4012-7000-8000-000000000001-product', '01939a8c-3012-7000-8000-000000000001-images', 0, true, 'N', NOW(), NOW());
INSERT INTO product_post_tag (product_post_id, tag_id) VALUES ('01939a8c-4012-7000-8000-000000000001-product', '01939a8c-2000-7000-8000-000000000037-tag'), ('01939a8c-4012-7000-8000-000000000001-product', '01939a8c-2000-7000-8000-000000000009-tag');

-- #13: 삼성 모니터
INSERT INTO images (id, original_file_name, stored_file_name, s3_url, s3_key, original_file_size, original_content_type, compressed_file_size, converted_content_type, image_target, delete_status, created_at, updated_at) VALUES ('01939a8c-3013-7000-8000-000000000001-images', 'monitor.jpg', 'monitor.webp', 'https://s3.amazonaws.com/products/monitor.webp', 'products/monitor.webp', 1600000, 'image/jpeg', 400000, 'WEBP', 'PRODUCT', 'N', NOW(), NOW());
INSERT INTO product_post (id, user_id, category_id, title, name, price, description, status, trade_status, view_count, liked_count, delete_status, created_at, updated_at) VALUES ('01939a8c-4013-7000-8000-000000000001-product', '01939a8c-5000-7000-8000-000000000013-user', '01939a8c-1234-7000-8000-000000000013-category', '삼성 오디세이 G7 32인치', 'Samsung Odyssey G7', 650000, '2개월 사용, 240Hz, 1ms, 커브드 게이밍 모니터', 'GOOD', 'SELLING', 0, 0, 'N', NOW(), NOW());
INSERT INTO product_post_images (id, product_post_id, image_id, display_order, is_primary, delete_status, created_at, updated_at) VALUES ('01939a8c-6013-7000-8000-000000000001-product_post_images', '01939a8c-4013-7000-8000-000000000001-product', '01939a8c-3013-7000-8000-000000000001-images', 0, true, 'N', NOW(), NOW());
INSERT INTO product_post_tag (product_post_id, tag_id) VALUES ('01939a8c-4013-7000-8000-000000000001-product', '01939a8c-2000-7000-8000-000000000002-tag'), ('01939a8c-4013-7000-8000-000000000001-product', '01939a8c-2000-7000-8000-000000000009-tag');

-- #14: 로지텍 마우스
INSERT INTO images (id, original_file_name, stored_file_name, s3_url, s3_key, original_file_size, original_content_type, compressed_file_size, converted_content_type, image_target, delete_status, created_at, updated_at) VALUES ('01939a8c-3014-7000-8000-000000000001-images', 'mouse.jpg', 'mouse.webp', 'https://s3.amazonaws.com/products/mouse.webp', 'products/mouse.webp', 800000, 'image/jpeg', 200000, 'WEBP', 'PRODUCT', 'N', NOW(), NOW());
INSERT INTO product_post (id, user_id, category_id, title, name, price, description, status, trade_status, view_count, liked_count, delete_status, created_at, updated_at) VALUES ('01939a8c-4014-7000-8000-000000000001-product', '01939a8c-5000-7000-8000-000000000014-user', '01939a8c-1234-7000-8000-000000000013-category', '로지텍 MX Master 3S', 'Logitech MX Master 3S', 95000, '미개봉 새상품, 선물받았는데 안써서 판매', 'NEW', 'SELLING', 0, 0, 'N', NOW(), NOW());
INSERT INTO product_post_images (id, product_post_id, image_id, display_order, is_primary, delete_status, created_at, updated_at) VALUES ('01939a8c-6014-7000-8000-000000000001-product_post_images', '01939a8c-4014-7000-8000-000000000001-product', '01939a8c-3014-7000-8000-000000000001-images', 0, true, 'N', NOW(), NOW());
INSERT INTO product_post_tag (product_post_id, tag_id) VALUES ('01939a8c-4014-7000-8000-000000000001-product', '01939a8c-2000-7000-8000-000000000004-tag'), ('01939a8c-4014-7000-8000-000000000001-product', '01939a8c-2000-7000-8000-000000000038-tag');

-- #15: 아디다스 운동화
INSERT INTO images (id, original_file_name, stored_file_name, s3_url, s3_key, original_file_size, original_content_type, compressed_file_size, converted_content_type, image_target, delete_status, created_at, updated_at) VALUES ('01939a8c-3015-7000-8000-000000000001-images', 'adidas.jpg', 'adidas.webp', 'https://s3.amazonaws.com/products/adidas.webp', 'products/adidas.webp', 1400000, 'image/jpeg', 350000, 'WEBP', 'PRODUCT', 'N', NOW(), NOW());
INSERT INTO product_post (id, user_id, category_id, title, name, price, description, status, trade_status, view_count, liked_count, delete_status, created_at, updated_at) VALUES ('01939a8c-4015-7000-8000-000000000001-product', '01939a8c-5000-7000-8000-000000000015-user', '01939a8c-1234-7000-8000-000000000009-category', '아디다스 삼바 화이트 270', 'Adidas Samba', 120000, '한 번 착용, 거의 새것, 정품박스 포함', 'GOOD', 'SELLING', 0, 0, 'N', NOW(), NOW());
INSERT INTO product_post_images (id, product_post_id, image_id, display_order, is_primary, delete_status, created_at, updated_at) VALUES ('01939a8c-6015-7000-8000-000000000001-product_post_images', '01939a8c-4015-7000-8000-000000000001-product', '01939a8c-3015-7000-8000-000000000001-images', 0, true, 'N', NOW(), NOW());
INSERT INTO product_post_tag (product_post_id, tag_id) VALUES ('01939a8c-4015-7000-8000-000000000001-product', '01939a8c-2000-7000-8000-000000000030-tag'), ('01939a8c-4015-7000-8000-000000000001-product', '01939a8c-2000-7000-8000-000000000023-tag');

-- #16: 뉴발란스 530
INSERT INTO images (id, original_file_name, stored_file_name, s3_url, s3_key, original_file_size, original_content_type, compressed_file_size, converted_content_type, image_target, delete_status, created_at, updated_at) VALUES ('01939a8c-3016-7000-8000-000000000001-images', 'newbalance.jpg', 'newbalance.webp', 'https://s3.amazonaws.com/products/newbalance.webp', 'products/newbalance.webp', 1350000, 'image/jpeg', 337500, 'WEBP', 'PRODUCT', 'N', NOW(), NOW());
INSERT INTO product_post (id, user_id, category_id, title, name, price, description, status, trade_status, view_count, liked_count, delete_status, created_at, updated_at) VALUES ('01939a8c-4016-7000-8000-000000000001-product', '01939a8c-5000-7000-8000-000000000016-user', '01939a8c-1234-7000-8000-000000000009-category', '뉴발란스 530 실버 260', 'New Balance 530', 95000, '미착용 새상품, 택 포함', 'NEW', 'SELLING', 0, 0, 'N', NOW(), NOW());
INSERT INTO product_post_images (id, product_post_id, image_id, display_order, is_primary, delete_status, created_at, updated_at) VALUES ('01939a8c-6016-7000-8000-000000000001-product_post_images', '01939a8c-4016-7000-8000-000000000001-product', '01939a8c-3016-7000-8000-000000000001-images', 0, true, 'N', NOW(), NOW());
INSERT INTO product_post_tag (product_post_id, tag_id) VALUES ('01939a8c-4016-7000-8000-000000000001-product', '01939a8c-2000-7000-8000-000000000032-tag'), ('01939a8c-4016-7000-8000-000000000001-product', '01939a8c-2000-7000-8000-000000000001-tag');

-- #17: 무인양품 소파
INSERT INTO images (id, original_file_name, stored_file_name, s3_url, s3_key, original_file_size, original_content_type, compressed_file_size, converted_content_type, image_target, delete_status, created_at, updated_at) VALUES ('01939a8c-3017-7000-8000-000000000001-images', 'muji.jpg', 'muji.webp', 'https://s3.amazonaws.com/products/muji.webp', 'products/muji.webp', 2000000, 'image/jpeg', 500000, 'WEBP', 'PRODUCT', 'N', NOW(), NOW());
INSERT INTO product_post (id, user_id, category_id, title, name, price, description, status, trade_status, view_count, liked_count, delete_status, created_at, updated_at) VALUES ('01939a8c-4017-7000-8000-000000000001-product', '01939a8c-5000-7000-8000-000000000017-user', '01939a8c-1234-7000-8000-000000000001-category', '무인양품 3인용 소파 베이지', 'MUJI Sofa', 450000, '1년 사용, 깨끗한 상태, 직거래만 가능', 'GOOD', 'SELLING', 0, 0, 'N', NOW(), NOW());
INSERT INTO product_post_images (id, product_post_id, image_id, display_order, is_primary, delete_status, created_at, updated_at) VALUES ('01939a8c-6017-7000-8000-000000000001-product_post_images', '01939a8c-4017-7000-8000-000000000001-product', '01939a8c-3017-7000-8000-000000000001-images', 0, true, 'N', NOW(), NOW());
INSERT INTO product_post_tag (product_post_id, tag_id) VALUES ('01939a8c-4017-7000-8000-000000000001-product', '01939a8c-2000-7000-8000-000000000005-tag'), ('01939a8c-4017-7000-8000-000000000001-product', '01939a8c-2000-7000-8000-000000000009-tag');

-- #18: 이케아 책상
INSERT INTO images (id, original_file_name, stored_file_name, s3_url, s3_key, original_file_size, original_content_type, compressed_file_size, converted_content_type, image_target, delete_status, created_at, updated_at) VALUES ('01939a8c-3018-7000-8000-000000000001-images', 'ikea.jpg', 'ikea.webp', 'https://s3.amazonaws.com/products/ikea.webp', 'products/ikea.webp', 1800000, 'image/jpeg', 450000, 'WEBP', 'PRODUCT', 'N', NOW(), NOW());
INSERT INTO product_post (id, user_id, category_id, title, name, price, description, status, trade_status, view_count, liked_count, delete_status, created_at, updated_at) VALUES ('01939a8c-4018-7000-8000-000000000001-product', '01939a8c-5000-7000-8000-000000000018-user', '01939a8c-1234-7000-8000-000000000001-category', '이케아 말름 책상 화이트', 'IKEA MALM Desk', 80000, '6개월 사용, 스크래치 없음, 조립 상태로 판매', 'GOOD', 'SELLING', 0, 0, 'N', NOW(), NOW());
INSERT INTO product_post_images (id, product_post_id, image_id, display_order, is_primary, delete_status, created_at, updated_at) VALUES ('01939a8c-6018-7000-8000-000000000001-product_post_images', '01939a8c-4018-7000-8000-000000000001-product', '01939a8c-3018-7000-8000-000000000001-images', 0, true, 'N', NOW(), NOW());
INSERT INTO product_post_tag (product_post_id, tag_id) VALUES ('01939a8c-4018-7000-8000-000000000001-product', '01939a8c-2000-7000-8000-000000000023-tag'), ('01939a8c-4018-7000-8000-000000000001-product', '01939a8c-2000-7000-8000-000000000005-tag');

-- #19: 한샘 서랍장
INSERT INTO images (id, original_file_name, stored_file_name, s3_url, s3_key, original_file_size, original_content_type, compressed_file_size, converted_content_type, image_target, delete_status, created_at, updated_at) VALUES ('01939a8c-3019-7000-8000-000000000001-images', 'hanssem.jpg', 'hanssem.webp', 'https://s3.amazonaws.com/products/hanssem.webp', 'products/hanssem.webp', 1700000, 'image/jpeg', 425000, 'WEBP', 'PRODUCT', 'N', NOW(), NOW());
INSERT INTO product_post (id, user_id, category_id, title, name, price, description, status, trade_status, view_count, liked_count, delete_status, created_at, updated_at) VALUES ('01939a8c-4019-7000-8000-000000000001-product', '01939a8c-5000-7000-8000-000000000019-user', '01939a8c-1234-7000-8000-000000000001-category', '한샘 5단 서랍장', 'Hanssem Drawer', 120000, '2년 사용, 상태 양호, 직거래 선호', 'GOOD', 'SELLING', 0, 0, 'N', NOW(), NOW());
INSERT INTO product_post_images (id, product_post_id, image_id, display_order, is_primary, delete_status, created_at, updated_at) VALUES ('01939a8c-6019-7000-8000-000000000001-product_post_images', '01939a8c-4019-7000-8000-000000000001-product', '01939a8c-3019-7000-8000-000000000001-images', 0, true, 'N', NOW(), NOW());
INSERT INTO product_post_tag (product_post_id, tag_id) VALUES ('01939a8c-4019-7000-8000-000000000001-product', '01939a8c-2000-7000-8000-000000000005-tag'), ('01939a8c-4019-7000-8000-000000000001-product', '01939a8c-2000-7000-8000-000000000009-tag');

-- #20: 샤넬 가방
INSERT INTO images (id, original_file_name, stored_file_name, s3_url, s3_key, original_file_size, original_content_type, compressed_file_size, converted_content_type, image_target, delete_status, created_at, updated_at) VALUES ('01939a8c-3020-7000-8000-000000000001-images', 'chanel.jpg', 'chanel.webp', 'https://s3.amazonaws.com/products/chanel.webp', 'products/chanel.webp', 1900000, 'image/jpeg', 475000, 'WEBP', 'PRODUCT', 'N', NOW(), NOW());
INSERT INTO product_post (id, user_id, category_id, title, name, price, description, status, trade_status, view_count, liked_count, delete_status, created_at, updated_at) VALUES ('01939a8c-4020-7000-8000-000000000001-product', '01939a8c-5000-7000-8000-000000000020-user', '01939a8c-1234-7000-8000-000000000002-category', '샤넬 클래식 플랩백 블랙', 'Chanel Classic Flap', 6500000, '정품, 매장 구매, 사용감 거의 없음, 정품카드+더스트백 포함', 'GOOD', 'SELLING', 0, 0, 'N', NOW(), NOW());
INSERT INTO product_post_images (id, product_post_id, image_id, display_order, is_primary, delete_status, created_at, updated_at) VALUES ('01939a8c-6020-7000-8000-000000000001-product_post_images', '01939a8c-4020-7000-8000-000000000001-product', '01939a8c-3020-7000-8000-000000000001-images', 0, true, 'N', NOW(), NOW());
INSERT INTO product_post_tag (product_post_id, tag_id) VALUES ('01939a8c-4020-7000-8000-000000000001-product', '01939a8c-2000-7000-8000-000000000037-tag'), ('01939a8c-4020-7000-8000-000000000001-product', '01939a8c-2000-7000-8000-000000000047-tag');

-- #21: 루이비통 지갑
INSERT INTO images (id, original_file_name, stored_file_name, s3_url, s3_key, original_file_size, original_content_type, compressed_file_size, converted_content_type, image_target, delete_status, created_at, updated_at) VALUES ('01939a8c-3021-7000-8000-000000000001-images', 'lv.jpg', 'lv.webp', 'https://s3.amazonaws.com/products/lv.webp', 'products/lv.webp', 1500000, 'image/jpeg', 375000, 'WEBP', 'PRODUCT', 'N', NOW(), NOW());
INSERT INTO product_post (id, user_id, category_id, title, name, price, description, status, trade_status, view_count, liked_count, delete_status, created_at, updated_at) VALUES ('01939a8c-4021-7000-8000-000000000001-product', '01939a8c-5000-7000-8000-000000000021-user', '01939a8c-1234-7000-8000-000000000002-category', '루이비통 지피 장지갑', 'Louis Vuitton Zippy', 550000, '5년 사용, 각인 선명, 실사용감 있으나 정품', 'FAIR', 'SELLING', 0, 0, 'N', NOW(), NOW());
INSERT INTO product_post_images (id, product_post_id, image_id, display_order, is_primary, delete_status, created_at, updated_at) VALUES ('01939a8c-6021-7000-8000-000000000001-product_post_images', '01939a8c-4021-7000-8000-000000000001-product', '01939a8c-3021-7000-8000-000000000001-images', 0, true, 'N', NOW(), NOW());
INSERT INTO product_post_tag (product_post_id, tag_id) VALUES ('01939a8c-4021-7000-8000-000000000001-product', '01939a8c-2000-7000-8000-000000000037-tag'), ('01939a8c-4021-7000-8000-000000000001-product', '01939a8c-2000-7000-8000-000000000003-tag');

-- #22: 에르메스 벨트
INSERT INTO images (id, original_file_name, stored_file_name, s3_url, s3_key, original_file_size, original_content_type, compressed_file_size, converted_content_type, image_target, delete_status, created_at, updated_at) VALUES ('01939a8c-3022-7000-8000-000000000001-images', 'hermes.jpg', 'hermes.webp', 'https://s3.amazonaws.com/products/hermes.webp', 'products/hermes.webp', 1400000, 'image/jpeg', 350000, 'WEBP', 'PRODUCT', 'N', NOW(), NOW());
INSERT INTO product_post (id, user_id, category_id, title, name, price, description, status, trade_status, view_count, liked_count, delete_status, created_at, updated_at) VALUES ('01939a8c-4022-7000-8000-000000000001-product', '01939a8c-5000-7000-8000-000000000022-user', '01939a8c-1234-7000-8000-000000000012-category', '에르메스 H 벨트 블랙', 'Hermes H Belt', 650000, '매장 구매 정품, 2년 사용, 정품박스 포함', 'GOOD', 'SELLING', 0, 0, 'N', NOW(), NOW());
INSERT INTO product_post_images (id, product_post_id, image_id, display_order, is_primary, delete_status, created_at, updated_at) VALUES ('01939a8c-6022-7000-8000-000000000001-product_post_images', '01939a8c-4022-7000-8000-000000000001-product', '01939a8c-3022-7000-8000-000000000001-images', 0, true, 'N', NOW(), NOW());
INSERT INTO product_post_tag (product_post_id, tag_id) VALUES ('01939a8c-4022-7000-8000-000000000001-product', '01939a8c-2000-7000-8000-000000000037-tag'), ('01939a8c-4022-7000-8000-000000000001-product', '01939a8c-2000-7000-8000-000000000022-tag');

-- #23: 캐나다구스 패딩
INSERT INTO images (id, original_file_name, stored_file_name, s3_url, s3_key, original_file_size, original_content_type, compressed_file_size, converted_content_type, image_target, delete_status, created_at, updated_at) VALUES ('01939a8c-3023-7000-8000-000000000001-images', 'canadagoose.jpg', 'canadagoose.webp', 'https://s3.amazonaws.com/products/canadagoose.webp', 'products/canadagoose.webp', 2100000, 'image/jpeg', 525000, 'WEBP', 'PRODUCT', 'N', NOW(), NOW());
INSERT INTO product_post (id, user_id, category_id, title, name, price, description, status, trade_status, view_count, liked_count, delete_status, created_at, updated_at) VALUES ('01939a8c-4023-7000-8000-000000000001-product', '01939a8c-5000-7000-8000-000000000023-user', '01939a8c-1234-7000-8000-000000000012-category', '캐나다구스 재스퍼 블랙 M', 'Canada Goose Jasper', 850000, '1시즌 착용, 정품태그 모두 있음, 세탁 완료', 'GOOD', 'SELLING', 0, 0, 'N', NOW(), NOW());
INSERT INTO product_post_images (id, product_post_id, image_id, display_order, is_primary, delete_status, created_at, updated_at) VALUES ('01939a8c-6023-7000-8000-000000000001-product_post_images', '01939a8c-4023-7000-8000-000000000001-product', '01939a8c-3023-7000-8000-000000000001-images', 0, true, 'N', NOW(), NOW());
INSERT INTO product_post_tag (product_post_id, tag_id) VALUES ('01939a8c-4023-7000-8000-000000000001-product', '01939a8c-2000-7000-8000-000000000037-tag'), ('01939a8c-4023-7000-8000-000000000001-product', '01939a8c-2000-7000-8000-000000000033-tag');

-- #24: 몽클레어 다운
INSERT INTO images (id, original_file_name, stored_file_name, s3_url, s3_key, original_file_size, original_content_type, compressed_file_size, converted_content_type, image_target, delete_status, created_at, updated_at) VALUES ('01939a8c-3024-7000-8000-000000000001-images', 'moncler.jpg', 'moncler.webp', 'https://s3.amazonaws.com/products/moncler.webp', 'products/moncler.webp', 2000000, 'image/jpeg', 500000, 'WEBP', 'PRODUCT', 'N', NOW(), NOW());
INSERT INTO product_post (id, user_id, category_id, title, name, price, description, status, trade_status, view_count, liked_count, delete_status, created_at, updated_at) VALUES ('01939a8c-4024-7000-8000-000000000001-product', '01939a8c-5000-7000-8000-000000000024-user', '01939a8c-1234-7000-8000-000000000012-category', '몽클레어 마야 다운 네이비 2', 'Moncler Maya', 1650000, '작년 겨울 구매, 3~4회 착용, 거의 새것', 'GOOD', 'SELLING', 0, 0, 'N', NOW(), NOW());
INSERT INTO product_post_images (id, product_post_id, image_id, display_order, is_primary, delete_status, created_at, updated_at) VALUES ('01939a8c-6024-7000-8000-000000000001-product_post_images', '01939a8c-4024-7000-8000-000000000001-product', '01939a8c-3024-7000-8000-000000000001-images', 0, true, 'N', NOW(), NOW());
INSERT INTO product_post_tag (product_post_id, tag_id) VALUES ('01939a8c-4024-7000-8000-000000000001-product', '01939a8c-2000-7000-8000-000000000002-tag'), ('01939a8c-4024-7000-8000-000000000001-product', '01939a8c-2000-7000-8000-000000000033-tag');

-- #25: 스톤아일랜드 니트
INSERT INTO images (id, original_file_name, stored_file_name, s3_url, s3_key, original_file_size, original_content_type, compressed_file_size, converted_content_type, image_target, delete_status, created_at, updated_at) VALUES ('01939a8c-3025-7000-8000-000000000001-images', 'stoneisland.jpg', 'stoneisland.webp', 'https://s3.amazonaws.com/products/stoneisland.webp', 'products/stoneisland.webp', 1600000, 'image/jpeg', 400000, 'WEBP', 'PRODUCT', 'N', NOW(), NOW());
INSERT INTO product_post (id, user_id, category_id, title, name, price, description, status, trade_status, view_count, liked_count, delete_status, created_at, updated_at) VALUES ('01939a8c-4025-7000-8000-000000000001-product', '01939a8c-5000-7000-8000-000000000025-user', '01939a8c-1234-7000-8000-000000000012-category', '스톤아일랜드 크루넥 니트 L', 'Stone Island Knit', 380000, '2회 착용, 배지 완벽, 정품', 'GOOD', 'SELLING', 0, 0, 'N', NOW(), NOW());
INSERT INTO product_post_images (id, product_post_id, image_id, display_order, is_primary, delete_status, created_at, updated_at) VALUES ('01939a8c-6025-7000-8000-000000000001-product_post_images', '01939a8c-4025-7000-8000-000000000001-product', '01939a8c-3025-7000-8000-000000000001-images', 0, true, 'N', NOW(), NOW());
INSERT INTO product_post_tag (product_post_id, tag_id) VALUES ('01939a8c-4025-7000-8000-000000000001-product', '01939a8c-2000-7000-8000-000000000002-tag'), ('01939a8c-4025-7000-8000-000000000001-product', '01939a8c-2000-7000-8000-000000000027-tag');

-- #26: 슈프림 후드
INSERT INTO images (id, original_file_name, stored_file_name, s3_url, s3_key, original_file_size, original_content_type, compressed_file_size, converted_content_type, image_target, delete_status, created_at, updated_at) VALUES ('01939a8c-3026-7000-8000-000000000001-images', 'supreme.jpg', 'supreme.webp', 'https://s3.amazonaws.com/products/supreme.webp', 'products/supreme.webp', 1550000, 'image/jpeg', 387500, 'WEBP', 'PRODUCT', 'N', NOW(), NOW());
INSERT INTO product_post (id, user_id, category_id, title, name, price, description, status, trade_status, view_count, liked_count, delete_status, created_at, updated_at) VALUES ('01939a8c-4026-7000-8000-000000000001-product', '01939a8c-5000-7000-8000-000000000026-user', '01939a8c-1234-7000-8000-000000000012-category', '슈프림 박스로고 후디 레드 M', 'Supreme Box Logo', 650000, 'FW23 시즌, 온라인 당첨, 미착용', 'NEW', 'SELLING', 0, 0, 'N', NOW(), NOW());
INSERT INTO product_post_images (id, product_post_id, image_id, display_order, is_primary, delete_status, created_at, updated_at) VALUES ('01939a8c-6026-7000-8000-000000000001-product_post_images', '01939a8c-4026-7000-8000-000000000001-product', '01939a8c-3026-7000-8000-000000000001-images', 0, true, 'N', NOW(), NOW());
INSERT INTO product_post_tag (product_post_id, tag_id) VALUES ('01939a8c-4026-7000-8000-000000000001-product', '01939a8c-2000-7000-8000-000000000004-tag'), ('01939a8c-4026-7000-8000-000000000001-product', '01939a8c-2000-7000-8000-000000000039-tag');

-- #27: 카시오 시계
INSERT INTO images (id, original_file_name, stored_file_name, s3_url, s3_key, original_file_size, original_content_type, compressed_file_size, converted_content_type, image_target, delete_status, created_at, updated_at) VALUES ('01939a8c-3027-7000-8000-000000000001-images', 'casio.jpg', 'casio.webp', 'https://s3.amazonaws.com/products/casio.webp', 'products/casio.webp', 1200000, 'image/jpeg', 300000, 'WEBP', 'PRODUCT', 'N', NOW(), NOW());
INSERT INTO product_post (id, user_id, category_id, title, name, price, description, status, trade_status, view_count, liked_count, delete_status, created_at, updated_at) VALUES ('01939a8c-4027-7000-8000-000000000001-product', '01939a8c-5000-7000-8000-000000000027-user', '01939a8c-1234-7000-8000-000000000004-category', '카시오 G-SHOCK 풀메탈', 'G-SHOCK GMW-B5000', 480000, '6개월 사용, 스크래치 없음, 정품박스 포함', 'GOOD', 'SELLING', 0, 0, 'N', NOW(), NOW());
INSERT INTO product_post_images (id, product_post_id, image_id, display_order, is_primary, delete_status, created_at, updated_at) VALUES ('01939a8c-6027-7000-8000-000000000001-product_post_images', '01939a8c-4027-7000-8000-000000000001-product', '01939a8c-3027-7000-8000-000000000001-images', 0, true, 'N', NOW(), NOW());
INSERT INTO product_post_tag (product_post_id, tag_id) VALUES ('01939a8c-4027-7000-8000-000000000001-product', '01939a8c-2000-7000-8000-000000000037-tag'), ('01939a8c-4027-7000-8000-000000000001-product', '01939a8c-2000-7000-8000-000000000009-tag');

-- #28: 해리포터 전집
INSERT INTO images (id, original_file_name, stored_file_name, s3_url, s3_key, original_file_size, original_content_type, compressed_file_size, converted_content_type, image_target, delete_status, created_at, updated_at) VALUES ('01939a8c-3028-7000-8000-000000000001-images', 'harrypotter.jpg', 'harrypotter.webp', 'https://s3.amazonaws.com/products/harrypotter.webp', 'products/harrypotter.webp', 1100000, 'image/jpeg', 275000, 'WEBP', 'PRODUCT', 'N', NOW(), NOW());
INSERT INTO product_post (id, user_id, category_id, title, name, price, description, status, trade_status, view_count, liked_count, delete_status, created_at, updated_at) VALUES ('01939a8c-4028-7000-8000-000000000001-product', '01939a8c-5000-7000-8000-000000000028-user', '01939a8c-1234-7000-8000-000000000005-category', '해리포터 완결 세트 한글판', 'Harry Potter Complete Set', 50000, '전7권, 깨끗한 상태, 박스 포함', 'GOOD', 'SELLING', 0, 0, 'N', NOW(), NOW());
INSERT INTO product_post_images (id, product_post_id, image_id, display_order, is_primary, delete_status, created_at, updated_at) VALUES ('01939a8c-6028-7000-8000-000000000001-product_post_images', '01939a8c-4028-7000-8000-000000000001-product', '01939a8c-3028-7000-8000-000000000001-images', 0, true, 'N', NOW(), NOW());
INSERT INTO product_post_tag (product_post_id, tag_id) VALUES ('01939a8c-4028-7000-8000-000000000001-product', '01939a8c-2000-7000-8000-000000000041-tag'), ('01939a8c-4028-7000-8000-000000000001-product', '01939a8c-2000-7000-8000-000000000006-tag');

-- #29: 공기청정기
INSERT INTO images (id, original_file_name, stored_file_name, s3_url, s3_key, original_file_size, original_content_type, compressed_file_size, converted_content_type, image_target, delete_status, created_at, updated_at) VALUES ('01939a8c-3029-7000-8000-000000000001-images', 'airpurifier.jpg', 'airpurifier.webp', 'https://s3.amazonaws.com/products/airpurifier.webp', 'products/airpurifier.webp', 1600000, 'image/jpeg', 400000, 'WEBP', 'PRODUCT', 'N', NOW(), NOW());
INSERT INTO product_post (id, user_id, category_id, title, name, price, description, status, trade_status, view_count, liked_count, delete_status, created_at, updated_at) VALUES ('01939a8c-4029-7000-8000-000000000001-product', '01939a8c-5000-7000-8000-000000000029-user', '01939a8c-1234-7000-8000-000000000003-category', '코웨이 공기청정기 AP-1515', 'Coway Air Purifier', 180000, '1년 사용, 필터 교체 완료, 작동 완벽', 'GOOD', 'SELLING', 0, 0, 'N', NOW(), NOW());
INSERT INTO product_post_images (id, product_post_id, image_id, display_order, is_primary, delete_status, created_at, updated_at) VALUES ('01939a8c-6029-7000-8000-000000000001-product_post_images', '01939a8c-4029-7000-8000-000000000001-product', '01939a8c-3029-7000-8000-000000000001-images', 0, true, 'N', NOW(), NOW());
INSERT INTO product_post_tag (product_post_id, tag_id) VALUES ('01939a8c-4029-7000-8000-000000000001-product', '01939a8c-2000-7000-8000-000000000009-tag'), ('01939a8c-4029-7000-8000-000000000001-product', '01939a8c-2000-7000-8000-000000000006-tag');

-- #30: 전기밥솥
INSERT INTO images (id, original_file_name, stored_file_name, s3_url, s3_key, original_file_size, original_content_type, compressed_file_size, converted_content_type, image_target, delete_status, created_at, updated_at) VALUES ('01939a8c-3030-7000-8000-000000000001-images', 'ricecooker.jpg', 'ricecooker.webp', 'https://s3.amazonaws.com/products/ricecooker.webp', 'products/ricecooker.webp', 1400000, 'image/jpeg', 350000, 'WEBP', 'PRODUCT', 'N', NOW(), NOW());
INSERT INTO product_post (id, user_id, category_id, title, name, price, description, status, trade_status, view_count, liked_count, delete_status, created_at, updated_at) VALUES ('01939a8c-4030-7000-8000-000000000001-product', '01939a8c-5000-7000-8000-000000000030-user', '01939a8c-1234-7000-8000-000000000003-category', '쿠쿠 압력밥솥 6인용', 'Cuckoo Pressure Cooker', 250000, '2년 사용, 세척 깨끗이, 작동 이상 없음', 'GOOD', 'SELLING', 0, 0, 'N', NOW(), NOW());
INSERT INTO product_post_images (id, product_post_id, image_id, display_order, is_primary, delete_status, created_at, updated_at) VALUES ('01939a8c-6030-7000-8000-000000000001-product_post_images', '01939a8c-4030-7000-8000-000000000001-product', '01939a8c-3030-7000-8000-000000000001-images', 0, true, 'N', NOW(), NOW());
INSERT INTO product_post_tag (product_post_id, tag_id) VALUES ('01939a8c-4030-7000-8000-000000000001-product', '01939a8c-2000-7000-8000-000000000009-tag'), ('01939a8c-4030-7000-8000-000000000001-product', '01939a8c-2000-7000-8000-000000000006-tag');

-- #31: 전자레인지
INSERT INTO images (id, original_file_name, stored_file_name, s3_url, s3_key, original_file_size, original_content_type, compressed_file_size, converted_content_type, image_target, delete_status, created_at, updated_at) VALUES ('01939a8c-3031-7000-8000-000000000001-images', 'microwave.jpg', 'microwave.webp', 'https://s3.amazonaws.com/products/microwave.webp', 'products/microwave.webp', 1350000, 'image/jpeg', 337500, 'WEBP', 'PRODUCT', 'N', NOW(), NOW());
INSERT INTO product_post (id, user_id, category_id, title, name, price, description, status, trade_status, view_count, liked_count, delete_status, created_at, updated_at) VALUES ('01939a8c-4031-7000-8000-000000000001-product', '01939a8c-5000-7000-8000-000000000031-user', '01939a8c-1234-7000-8000-000000000003-category', 'LG 전자레인지 23L', 'LG Microwave', 80000, '1년 사용, 깨끗한 상태, 작동 완벽', 'GOOD', 'SELLING', 0, 0, 'N', NOW(), NOW());
INSERT INTO product_post_images (id, product_post_id, image_id, display_order, is_primary, delete_status, created_at, updated_at) VALUES ('01939a8c-6031-7000-8000-000000000001-product_post_images', '01939a8c-4031-7000-8000-000000000001-product', '01939a8c-3031-7000-8000-000000000001-images', 0, true, 'N', NOW(), NOW());
INSERT INTO product_post_tag (product_post_id, tag_id) VALUES ('01939a8c-4031-7000-8000-000000000001-product', '01939a8c-2000-7000-8000-000000000009-tag'), ('01939a8c-4031-7000-8000-000000000001-product', '01939a8c-2000-7000-8000-000000000006-tag');

-- #32: 커피머신
INSERT INTO images (id, original_file_name, stored_file_name, s3_url, s3_key, original_file_size, original_content_type, compressed_file_size, converted_content_type, image_target, delete_status, created_at, updated_at) VALUES ('01939a8c-3032-7000-8000-000000000001-images', 'coffee.jpg', 'coffee.webp', 'https://s3.amazonaws.com/products/coffee.webp', 'products/coffee.webp', 1500000, 'image/jpeg', 375000, 'WEBP', 'PRODUCT', 'N', NOW(), NOW());
INSERT INTO product_post (id, user_id, category_id, title, name, price, description, status, trade_status, view_count, liked_count, delete_status, created_at, updated_at) VALUES ('01939a8c-4032-7000-8000-000000000001-product', '01939a8c-5000-7000-8000-000000000032-user', '01939a8c-1234-7000-8000-000000000003-category', '네스프레소 에센자 미니', 'Nespresso Essenza Mini', 120000, '6개월 사용, 캡슐 10개 포함, 깨끗한 상태', 'GOOD', 'SELLING', 0, 0, 'N', NOW(), NOW());
INSERT INTO product_post_images (id, product_post_id, image_id, display_order, is_primary, delete_status, created_at, updated_at) VALUES ('01939a8c-6032-7000-8000-000000000001-product_post_images', '01939a8c-4032-7000-8000-000000000001-product', '01939a8c-3032-7000-8000-000000000001-images', 0, true, 'N', NOW(), NOW());
INSERT INTO product_post_tag (product_post_id, tag_id) VALUES ('01939a8c-4032-7000-8000-000000000001-product', '01939a8c-2000-7000-8000-000000000009-tag'), ('01939a8c-4032-7000-8000-000000000001-product', '01939a8c-2000-7000-8000-000000000042-tag');

-- #33: 믹서기
INSERT INTO images (id, original_file_name, stored_file_name, s3_url, s3_key, original_file_size, original_content_type, compressed_file_size, converted_content_type, image_target, delete_status, created_at, updated_at) VALUES ('01939a8c-3033-7000-8000-000000000001-images', 'blender.jpg', 'blender.webp', 'https://s3.amazonaws.com/products/blender.webp', 'products/blender.webp', 1300000, 'image/jpeg', 325000, 'WEBP', 'PRODUCT', 'N', NOW(), NOW());
INSERT INTO product_post (id, user_id, category_id, title, name, price, description, status, trade_status, view_count, liked_count, delete_status, created_at, updated_at) VALUES ('01939a8c-4033-7000-8000-000000000001-product', '01939a8c-5000-7000-8000-000000000033-user', '01939a8c-1234-7000-8000-000000000003-category', '비타믹스 프로페셔널', 'Vitamix Professional', 380000, '3개월 사용, 거의 새것, 정품박스 포함', 'GOOD', 'SELLING', 0, 0, 'N', NOW(), NOW());
INSERT INTO product_post_images (id, product_post_id, image_id, display_order, is_primary, delete_status, created_at, updated_at) VALUES ('01939a8c-6033-7000-8000-000000000001-product_post_images', '01939a8c-4033-7000-8000-000000000001-product', '01939a8c-3033-7000-8000-000000000001-images', 0, true, 'N', NOW(), NOW());
INSERT INTO product_post_tag (product_post_id, tag_id) VALUES ('01939a8c-4033-7000-8000-000000000001-product', '01939a8c-2000-7000-8000-000000000002-tag'), ('01939a8c-4033-7000-8000-000000000001-product', '01939a8c-2000-7000-8000-000000000037-tag');

-- #34: 요가매트
INSERT INTO images (id, original_file_name, stored_file_name, s3_url, s3_key, original_file_size, original_content_type, compressed_file_size, converted_content_type, image_target, delete_status, created_at, updated_at) VALUES ('01939a8c-3034-7000-8000-000000000001-images', 'yogamat.jpg', 'yogamat.webp', 'https://s3.amazonaws.com/products/yogamat.webp', 'products/yogamat.webp', 900000, 'image/jpeg', 225000, 'WEBP', 'PRODUCT', 'N', NOW(), NOW());
INSERT INTO product_post (id, user_id, category_id, title, name, price, description, status, trade_status, view_count, liked_count, delete_status, created_at, updated_at) VALUES ('01939a8c-4034-7000-8000-000000000001-product', '01939a8c-5000-7000-8000-000000000034-user', '01939a8c-1234-7000-8000-000000000007-category', '룰루레몬 요가매트 5mm', 'Lululemon Yoga Mat', 65000, '5회 사용, 거의 새것, 가방 포함', 'GOOD', 'SELLING', 0, 0, 'N', NOW(), NOW());
INSERT INTO product_post_images (id, product_post_id, image_id, display_order, is_primary, delete_status, created_at, updated_at) VALUES ('01939a8c-6034-7000-8000-000000000001-product_post_images', '01939a8c-4034-7000-8000-000000000001-product', '01939a8c-3034-7000-8000-000000000001-images', 0, true, 'N', NOW(), NOW());
INSERT INTO product_post_tag (product_post_id, tag_id) VALUES ('01939a8c-4034-7000-8000-000000000001-product', '01939a8c-2000-7000-8000-000000000036-tag'), ('01939a8c-4034-7000-8000-000000000001-product', '01939a8c-2000-7000-8000-000000000002-tag');

-- #35: 덤벨 세트
INSERT INTO images (id, original_file_name, stored_file_name, s3_url, s3_key, original_file_size, original_content_type, compressed_file_size, converted_content_type, image_target, delete_status, created_at, updated_at) VALUES ('01939a8c-3035-7000-8000-000000000001-images', 'dumbbell.jpg', 'dumbbell.webp', 'https://s3.amazonaws.com/products/dumbbell.webp', 'products/dumbbell.webp', 1200000, 'image/jpeg', 300000, 'WEBP', 'PRODUCT', 'N', NOW(), NOW());
INSERT INTO product_post (id, user_id, category_id, title, name, price, description, status, trade_status, view_count, liked_count, delete_status, created_at, updated_at) VALUES ('01939a8c-4035-7000-8000-000000000001-product', '01939a8c-5000-7000-8000-000000000035-user', '01939a8c-1234-7000-8000-000000000007-category', '가변 덤벨 세트 20kg', 'Adjustable Dumbbell Set', 180000, '3개월 사용, 직거래만 가능, 상태 좋음', 'GOOD', 'SELLING', 0, 0, 'N', NOW(), NOW());
INSERT INTO product_post_images (id, product_post_id, image_id, display_order, is_primary, delete_status, created_at, updated_at) VALUES ('01939a8c-6035-7000-8000-000000000001-product_post_images', '01939a8c-4035-7000-8000-000000000001-product', '01939a8c-3035-7000-8000-000000000001-images', 0, true, 'N', NOW(), NOW());
INSERT INTO product_post_tag (product_post_id, tag_id) VALUES ('01939a8c-4035-7000-8000-000000000001-product', '01939a8c-2000-7000-8000-000000000036-tag'), ('01939a8c-4035-7000-8000-000000000001-product', '01939a8c-2000-7000-8000-000000000005-tag');

-- #36: 골프채 세트
INSERT INTO images (id, original_file_name, stored_file_name, s3_url, s3_key, original_file_size, original_content_type, compressed_file_size, converted_content_type, image_target, delete_status, created_at, updated_at) VALUES ('01939a8c-3036-7000-8000-000000000001-images', 'golf.jpg', 'golf.webp', 'https://s3.amazonaws.com/products/golf.webp', 'products/golf.webp', 1800000, 'image/jpeg', 450000, 'WEBP', 'PRODUCT', 'N', NOW(), NOW());
INSERT INTO product_post (id, user_id, category_id, title, name, price, description, status, trade_status, view_count, liked_count, delete_status, created_at, updated_at) VALUES ('01939a8c-4036-7000-8000-000000000001-product', '01939a8c-5000-7000-8000-000000000036-user', '01939a8c-1234-7000-8000-000000000007-category', '타이틀리스트 풀세트 남성용', 'Titleist Golf Set', 1200000, '1년 사용, 가방 포함, 관리 잘됨', 'GOOD', 'SELLING', 0, 0, 'N', NOW(), NOW());
INSERT INTO product_post_images (id, product_post_id, image_id, display_order, is_primary, delete_status, created_at, updated_at) VALUES ('01939a8c-6036-7000-8000-000000000001-product_post_images', '01939a8c-4036-7000-8000-000000000001-product', '01939a8c-3036-7000-8000-000000000001-images', 0, true, 'N', NOW(), NOW());
INSERT INTO product_post_tag (product_post_id, tag_id) VALUES ('01939a8c-4036-7000-8000-000000000001-product', '01939a8c-2000-7000-8000-000000000041-tag'), ('01939a8c-4036-7000-8000-000000000001-product', '01939a8c-2000-7000-8000-000000000009-tag');

-- #37: 캠핑 텐트
INSERT INTO images (id, original_file_name, stored_file_name, s3_url, s3_key, original_file_size, original_content_type, compressed_file_size, converted_content_type, image_target, delete_status, created_at, updated_at) VALUES ('01939a8c-3037-7000-8000-000000000001-images', 'tent.jpg', 'tent.webp', 'https://s3.amazonaws.com/products/tent.webp', 'products/tent.webp', 1700000, 'image/jpeg', 425000, 'WEBP', 'PRODUCT', 'N', NOW(), NOW());
INSERT INTO product_post (id, user_id, category_id, title, name, price, description, status, trade_status, view_count, liked_count, delete_status, created_at, updated_at) VALUES ('01939a8c-4037-7000-8000-000000000001-product', '01939a8c-5000-7000-8000-000000000037-user', '01939a8c-1234-7000-8000-000000000007-category', '코베아 터널형 텐트 5인용', 'Kovea Tunnel Tent', 350000, '5회 사용, 보관 잘됨, 수납백 포함', 'GOOD', 'SELLING', 0, 0, 'N', NOW(), NOW());
INSERT INTO product_post_images (id, product_post_id, image_id, display_order, is_primary, delete_status, created_at, updated_at) VALUES ('01939a8c-6037-7000-8000-000000000001-product_post_images', '01939a8c-4037-7000-8000-000000000001-product', '01939a8c-3037-7000-8000-000000000001-images', 0, true, 'N', NOW(), NOW());
INSERT INTO product_post_tag (product_post_id, tag_id) VALUES ('01939a8c-4037-7000-8000-000000000001-product', '01939a8c-2000-7000-8000-000000000009-tag'), ('01939a8c-4037-7000-8000-000000000001-product', '01939a8c-2000-7000-8000-000000000041-tag');

-- #38: 화장품 세트
INSERT INTO images (id, original_file_name, stored_file_name, s3_url, s3_key, original_file_size, original_content_type, compressed_file_size, converted_content_type, image_target, delete_status, created_at, updated_at) VALUES ('01939a8c-3038-7000-8000-000000000001-images', 'cosmetics.jpg', 'cosmetics.webp', 'https://s3.amazonaws.com/products/cosmetics.webp', 'products/cosmetics.webp', 1100000, 'image/jpeg', 275000, 'WEBP', 'PRODUCT', 'N', NOW(), NOW());
INSERT INTO product_post (id, user_id, category_id, title, name, price, description, status, trade_status, view_count, liked_count, delete_status, created_at, updated_at) VALUES ('01939a8c-4038-7000-8000-000000000001-product', '01939a8c-5000-7000-8000-000000000038-user', '01939a8c-1234-7000-8000-000000000008-category', '설화수 자음생 세트', 'Sulwhasoo Jaeumsaeng Set', 280000, '미개봉 선물세트, 유통기한 2026년', 'NEW', 'SELLING', 0, 0, 'N', NOW(), NOW());
INSERT INTO product_post_images (id, product_post_id, image_id, display_order, is_primary, delete_status, created_at, updated_at) VALUES ('01939a8c-6038-7000-8000-000000000001-product_post_images', '01939a8c-4038-7000-8000-000000000001-product', '01939a8c-3038-7000-8000-000000000001-images', 0, true, 'N', NOW(), NOW());
INSERT INTO product_post_tag (product_post_id, tag_id) VALUES ('01939a8c-4038-7000-8000-000000000001-product', '01939a8c-2000-7000-8000-000000000004-tag'), ('01939a8c-4038-7000-8000-000000000001-product', '01939a8c-2000-7000-8000-000000000041-tag');

-- #39: 향수
INSERT INTO images (id, original_file_name, stored_file_name, s3_url, s3_key, original_file_size, original_content_type, compressed_file_size, converted_content_type, image_target, delete_status, created_at, updated_at) VALUES ('01939a8c-3039-7000-8000-000000000001-images', 'perfume.jpg', 'perfume.webp', 'https://s3.amazonaws.com/products/perfume.webp', 'products/perfume.webp', 1000000, 'image/jpeg', 250000, 'WEBP', 'PRODUCT', 'N', NOW(), NOW());
INSERT INTO product_post (id, user_id, category_id, title, name, price, description, status, trade_status, view_count, liked_count, delete_status, created_at, updated_at) VALUES ('01939a8c-4039-7000-8000-000000000001-product', '01939a8c-5000-7000-8000-000000000039-user', '01939a8c-1234-7000-8000-000000000008-category', '조말론 우드세이지 100ml', 'Jo Malone Wood Sage', 120000, '80% 남음, 정품 박스 포함', 'GOOD', 'SELLING', 0, 0, 'N', NOW(), NOW());
INSERT INTO product_post_images (id, product_post_id, image_id, display_order, is_primary, delete_status, created_at, updated_at) VALUES ('01939a8c-6039-7000-8000-000000000001-product_post_images', '01939a8c-4039-7000-8000-000000000001-product', '01939a8c-3039-7000-8000-000000000001-images', 0, true, 'N', NOW(), NOW());
INSERT INTO product_post_tag (product_post_id, tag_id) VALUES ('01939a8c-4039-7000-8000-000000000001-product', '01939a8c-2000-7000-8000-000000000037-tag'), ('01939a8c-4039-7000-8000-000000000001-product', '01939a8c-2000-7000-8000-000000000009-tag');

-- #40: 헤어드라이기
INSERT INTO images (id, original_file_name, stored_file_name, s3_url, s3_key, original_file_size, original_content_type, compressed_file_size, converted_content_type, image_target, delete_status, created_at, updated_at) VALUES ('01939a8c-3040-7000-8000-000000000001-images', 'dryer.jpg', 'dryer.webp', 'https://s3.amazonaws.com/products/dryer.webp', 'products/dryer.webp', 1200000, 'image/jpeg', 300000, 'WEBP', 'PRODUCT', 'N', NOW(), NOW());
INSERT INTO product_post (id, user_id, category_id, title, name, price, description, status, trade_status, view_count, liked_count, delete_status, created_at, updated_at) VALUES ('01939a8c-4040-7000-8000-000000000001-product', '01939a8c-5000-7000-8000-000000000040-user', '01939a8c-1234-7000-8000-000000000008-category', '다이슨 슈퍼소닉 HD08', 'Dyson Supersonic', 320000, '6개월 사용, 노즐 3개 포함, 정품박스 있음', 'GOOD', 'SELLING', 0, 0, 'N', NOW(), NOW());
INSERT INTO product_post_images (id, product_post_id, image_id, display_order, is_primary, delete_status, created_at, updated_at) VALUES ('01939a8c-6040-7000-8000-000000000001-product_post_images', '01939a8c-4040-7000-8000-000000000001-product', '01939a8c-3040-7000-8000-000000000001-images', 0, true, 'N', NOW(), NOW());
INSERT INTO product_post_tag (product_post_id, tag_id) VALUES ('01939a8c-4040-7000-8000-000000000001-product', '01939a8c-2000-7000-8000-000000000037-tag'), ('01939a8c-4040-7000-8000-000000000001-product', '01939a8c-2000-7000-8000-000000000009-tag');

-- #41: 유아 카시트
INSERT INTO images (id, original_file_name, stored_file_name, s3_url, s3_key, original_file_size, original_content_type, compressed_file_size, converted_content_type, image_target, delete_status, created_at, updated_at) VALUES ('01939a8c-3041-7000-8000-000000000001-images', 'carseat.jpg', 'carseat.webp', 'https://s3.amazonaws.com/products/carseat.webp', 'products/carseat.webp', 1500000, 'image/jpeg', 375000, 'WEBP', 'PRODUCT', 'N', NOW(), NOW());
INSERT INTO product_post (id, user_id, category_id, title, name, price, description, status, trade_status, view_count, liked_count, delete_status, created_at, updated_at) VALUES ('01939a8c-4041-7000-8000-000000000001-product', '01939a8c-5000-7000-8000-000000000041-user', '01939a8c-1234-7000-8000-000000000011-category', '브리탁스 듀얼픽스 카시트', 'Britax Dualfix', 280000, '1년 사용, 세척 완료, 무사고', 'GOOD', 'SELLING', 0, 0, 'N', NOW(), NOW());
INSERT INTO product_post_images (id, product_post_id, image_id, display_order, is_primary, delete_status, created_at, updated_at) VALUES ('01939a8c-6041-7000-8000-000000000001-product_post_images', '01939a8c-4041-7000-8000-000000000001-product', '01939a8c-3041-7000-8000-000000000001-images', 0, true, 'N', NOW(), NOW());
INSERT INTO product_post_tag (product_post_id, tag_id) VALUES ('01939a8c-4041-7000-8000-000000000001-product', '01939a8c-2000-7000-8000-000000000009-tag'), ('01939a8c-4041-7000-8000-000000000001-product', '01939a8c-2000-7000-8000-000000000006-tag');

-- #42: 아기 침대
INSERT INTO images (id, original_file_name, stored_file_name, s3_url, s3_key, original_file_size, original_content_type, compressed_file_size, converted_content_type, image_target, delete_status, created_at, updated_at) VALUES ('01939a8c-3042-7000-8000-000000000001-images', 'babycrib.jpg', 'babycrib.webp', 'https://s3.amazonaws.com/products/babycrib.webp', 'products/babycrib.webp', 1800000, 'image/jpeg', 450000, 'WEBP', 'PRODUCT', 'N', NOW(), NOW());
INSERT INTO product_post (id, user_id, category_id, title, name, price, description, status, trade_status, view_count, liked_count, delete_status, created_at, updated_at) VALUES ('01939a8c-4042-7000-8000-000000000001-product', '01939a8c-5000-7000-8000-000000000042-user', '01939a8c-1234-7000-8000-000000000011-category', '스토케 슬리피 아기침대', 'Stokke Sleepi', 450000, '2년 사용, 매트리스 포함, 상태 좋음', 'GOOD', 'SELLING', 0, 0, 'N', NOW(), NOW());
INSERT INTO product_post_images (id, product_post_id, image_id, display_order, is_primary, delete_status, created_at, updated_at) VALUES ('01939a8c-6042-7000-8000-000000000001-product_post_images', '01939a8c-4042-7000-8000-000000000001-product', '01939a8c-3042-7000-8000-000000000001-images', 0, true, 'N', NOW(), NOW());
INSERT INTO product_post_tag (product_post_id, tag_id) VALUES ('01939a8c-4042-7000-8000-000000000001-product', '01939a8c-2000-7000-8000-000000000009-tag'), ('01939a8c-4042-7000-8000-000000000001-product', '01939a8c-2000-7000-8000-000000000005-tag');

-- #43: 아기 띠
INSERT INTO images (id, original_file_name, stored_file_name, s3_url, s3_key, original_file_size, original_content_type, compressed_file_size, converted_content_type, image_target, delete_status, created_at, updated_at) VALUES ('01939a8c-3043-7000-8000-000000000001-images', 'babycarrier.jpg', 'babycarrier.webp', 'https://s3.amazonaws.com/products/babycarrier.webp', 'products/babycarrier.webp', 1100000, 'image/jpeg', 275000, 'WEBP', 'PRODUCT', 'N', NOW(), NOW());
INSERT INTO product_post (id, user_id, category_id, title, name, price, description, status, trade_status, view_count, liked_count, delete_status, created_at, updated_at) VALUES ('01939a8c-4043-7000-8000-000000000001-product', '01939a8c-5000-7000-8000-000000000043-user', '01939a8c-1234-7000-8000-000000000011-category', '에르고베이비 오므니 360', 'Ergobaby Omni 360', 150000, '6개월 사용, 세탁 완료, 깨끗함', 'GOOD', 'SELLING', 0, 0, 'N', NOW(), NOW());
INSERT INTO product_post_images (id, product_post_id, image_id, display_order, is_primary, delete_status, created_at, updated_at) VALUES ('01939a8c-6043-7000-8000-000000000001-product_post_images', '01939a8c-4043-7000-8000-000000000001-product', '01939a8c-3043-7000-8000-000000000001-images', 0, true, 'N', NOW(), NOW());
INSERT INTO product_post_tag (product_post_id, tag_id) VALUES ('01939a8c-4043-7000-8000-000000000001-product', '01939a8c-2000-7000-8000-000000000009-tag'), ('01939a8c-4043-7000-8000-000000000001-product', '01939a8c-2000-7000-8000-000000000006-tag');

-- #44: 유아복 세트
INSERT INTO images (id, original_file_name, stored_file_name, s3_url, s3_key, original_file_size, original_content_type, compressed_file_size, converted_content_type, image_target, delete_status, created_at, updated_at) VALUES ('01939a8c-3044-7000-8000-000000000001-images', 'babyclothes.jpg', 'babyclothes.webp', 'https://s3.amazonaws.com/products/babyclothes.webp', 'products/babyclothes.webp', 950000, 'image/jpeg', 237500, 'WEBP', 'PRODUCT', 'N', NOW(), NOW());
INSERT INTO product_post (id, user_id, category_id, title, name, price, description, status, trade_status, view_count, liked_count, delete_status, created_at, updated_at) VALUES ('01939a8c-4044-7000-8000-000000000001-product', '01939a8c-5000-7000-8000-000000000044-user', '01939a8c-1234-7000-8000-000000000011-category', '카터스 아기옷 세트 90', 'Carters Baby Clothes', 35000, '10벌 세트, 깨끗한 상태, 택배 가능', 'GOOD', 'SELLING', 0, 0, 'N', NOW(), NOW());
INSERT INTO product_post_images (id, product_post_id, image_id, display_order, is_primary, delete_status, created_at, updated_at) VALUES ('01939a8c-6044-7000-8000-000000000001-product_post_images', '01939a8c-4044-7000-8000-000000000001-product', '01939a8c-3044-7000-8000-000000000001-images', 0, true, 'N', NOW(), NOW());
INSERT INTO product_post_tag (product_post_id, tag_id) VALUES ('01939a8c-4044-7000-8000-000000000001-product', '01939a8c-2000-7000-8000-000000000041-tag'), ('01939a8c-4044-7000-8000-000000000001-product', '01939a8c-2000-7000-8000-000000000006-tag');

-- #45: 강아지 사료
INSERT INTO images (id, original_file_name, stored_file_name, s3_url, s3_key, original_file_size, original_content_type, compressed_file_size, converted_content_type, image_target, delete_status, created_at, updated_at) VALUES ('01939a8c-3045-7000-8000-000000000001-images', 'dogfood.jpg', 'dogfood.webp', 'https://s3.amazonaws.com/products/dogfood.webp', 'products/dogfood.webp', 1000000, 'image/jpeg', 250000, 'WEBP', 'PRODUCT', 'N', NOW(), NOW());
INSERT INTO product_post (id, user_id, category_id, title, name, price, description, status, trade_status, view_count, liked_count, delete_status, created_at, updated_at) VALUES ('01939a8c-4045-7000-8000-000000000001-product', '01939a8c-5000-7000-8000-000000000045-user', '01939a8c-1234-7000-8000-000000000015-category', '로얄캐닌 독 푸드 15kg', 'Royal Canin Dog Food', 85000, '유통기한 2026년 6월, 미개봉', 'NEW', 'SELLING', 0, 0, 'N', NOW(), NOW());
INSERT INTO product_post_images (id, product_post_id, image_id, display_order, is_primary, delete_status, created_at, updated_at) VALUES ('01939a8c-6045-7000-8000-000000000001-product_post_images', '01939a8c-4045-7000-8000-000000000001-product', '01939a8c-3045-7000-8000-000000000001-images', 0, true, 'N', NOW(), NOW());
INSERT INTO product_post_tag (product_post_id, tag_id) VALUES ('01939a8c-4045-7000-8000-000000000001-product', '01939a8c-2000-7000-8000-000000000004-tag'), ('01939a8c-4045-7000-8000-000000000001-product', '01939a8c-2000-7000-8000-000000000006-tag');

-- #46: 고양이 화장실
INSERT INTO images (id, original_file_name, stored_file_name, s3_url, s3_key, original_file_size, original_content_type, compressed_file_size, converted_content_type, image_target, delete_status, created_at, updated_at) VALUES ('01939a8c-3046-7000-8000-000000000001-images', 'cattoilet.jpg', 'cattoilet.webp', 'https://s3.amazonaws.com/products/cattoilet.webp', 'products/cattoilet.webp', 1300000, 'image/jpeg', 325000, 'WEBP', 'PRODUCT', 'N', NOW(), NOW());
INSERT INTO product_post (id, user_id, category_id, title, name, price, description, status, trade_status, view_count, liked_count, delete_status, created_at, updated_at) VALUES ('01939a8c-4046-7000-8000-000000000001-product', '01939a8c-5000-7000-8000-000000000046-user', '01939a8c-1234-7000-8000-000000000015-category', '모던캣 자동 화장실', 'Modern Cat Auto Toilet', 380000, '3개월 사용, 세척 완료, 작동 완벽', 'GOOD', 'SELLING', 0, 0, 'N', NOW(), NOW());
INSERT INTO product_post_images (id, product_post_id, image_id, display_order, is_primary, delete_status, created_at, updated_at) VALUES ('01939a8c-6046-7000-8000-000000000001-product_post_images', '01939a8c-4046-7000-8000-000000000001-product', '01939a8c-3046-7000-8000-000000000001-images', 0, true, 'N', NOW(), NOW());
INSERT INTO product_post_tag (product_post_id, tag_id) VALUES ('01939a8c-4046-7000-8000-000000000001-product', '01939a8c-2000-7000-8000-000000000009-tag'), ('01939a8c-4046-7000-8000-000000000001-product', '01939a8c-2000-7000-8000-000000000006-tag');

-- #47: 애견 유모차
INSERT INTO images (id, original_file_name, stored_file_name, s3_url, s3_key, original_file_size, original_content_type, compressed_file_size, converted_content_type, image_target, delete_status, created_at, updated_at) VALUES ('01939a8c-3047-7000-8000-000000000001-images', 'petstroller.jpg', 'petstroller.webp', 'https://s3.amazonaws.com/products/petstroller.webp', 'products/petstroller.webp', 1400000, 'image/jpeg', 350000, 'WEBP', 'PRODUCT', 'N', NOW(), NOW());
INSERT INTO product_post (id, user_id, category_id, title, name, price, description, status, trade_status, view_count, liked_count, delete_status, created_at, updated_at) VALUES ('01939a8c-4047-7000-8000-000000000001-product', '01939a8c-5000-7000-8000-000000000047-user', '01939a8c-1234-7000-8000-000000000015-category', '아이베라 애견 유모차', 'Ibiyaya Pet Stroller', 180000, '5회 사용, 거의 새것, 중소형견용', 'GOOD', 'SELLING', 0, 0, 'N', NOW(), NOW());
INSERT INTO product_post_images (id, product_post_id, image_id, display_order, is_primary, delete_status, created_at, updated_at) VALUES ('01939a8c-6047-7000-8000-000000000001-product_post_images', '01939a8c-4047-7000-8000-000000000001-product', '01939a8c-3047-7000-8000-000000000001-images', 0, true, 'N', NOW(), NOW());
INSERT INTO product_post_tag (product_post_id, tag_id) VALUES ('01939a8c-4047-7000-8000-000000000001-product', '01939a8c-2000-7000-8000-000000000002-tag'), ('01939a8c-4047-7000-8000-000000000001-product', '01939a8c-2000-7000-8000-000000000009-tag');

-- #48: 식기세척기
INSERT INTO images (id, original_file_name, stored_file_name, s3_url, s3_key, original_file_size, original_content_type, compressed_file_size, converted_content_type, image_target, delete_status, created_at, updated_at) VALUES ('01939a8c-3048-7000-8000-000000000001-images', 'dishwasher.jpg', 'dishwasher.webp', 'https://s3.amazonaws.com/products/dishwasher.webp', 'products/dishwasher.webp', 1700000, 'image/jpeg', 425000, 'WEBP', 'PRODUCT', 'N', NOW(), NOW());
INSERT INTO product_post (id, user_id, category_id, title, name, price, description, status, trade_status, view_count, liked_count, delete_status, created_at, updated_at) VALUES ('01939a8c-4048-7000-8000-000000000001-product', '01939a8c-5000-7000-8000-000000000048-user', '01939a8c-1234-7000-8000-000000000003-category', '보쉬 식기세척기 12인용', 'Bosch Dishwasher', 650000, '1년 사용, 직거래만 가능, 작동 완벽', 'GOOD', 'SELLING', 0, 0, 'N', NOW(), NOW());
INSERT INTO product_post_images (id, product_post_id, image_id, display_order, is_primary, delete_status, created_at, updated_at) VALUES ('01939a8c-6048-7000-8000-000000000001-product_post_images', '01939a8c-4048-7000-8000-000000000001-product', '01939a8c-3048-7000-8000-000000000001-images', 0, true, 'N', NOW(), NOW());
INSERT INTO product_post_tag (product_post_id, tag_id) VALUES ('01939a8c-4048-7000-8000-000000000001-product', '01939a8c-2000-7000-8000-000000000009-tag'), ('01939a8c-4048-7000-8000-000000000001-product', '01939a8c-2000-7000-8000-000000000005-tag');

-- #49: 인덕션
INSERT INTO images (id, original_file_name, stored_file_name, s3_url, s3_key, original_file_size, original_content_type, compressed_file_size, converted_content_type, image_target, delete_status, created_at, updated_at) VALUES ('01939a8c-3049-7000-8000-000000000001-images', 'induction.jpg', 'induction.webp', 'https://s3.amazonaws.com/products/induction.webp', 'products/induction.webp', 1300000, 'image/jpeg', 325000, 'WEBP', 'PRODUCT', 'N', NOW(), NOW());
INSERT INTO product_post (id, user_id, category_id, title, name, price, description, status, trade_status, view_count, liked_count, delete_status, created_at, updated_at) VALUES ('01939a8c-4049-7000-8000-000000000001-product', '01939a8c-5000-7000-8000-000000000049-user', '01939a8c-1234-7000-8000-000000000003-category', '쿠쿠 3구 인덕션', 'Cuckoo Induction', 280000, '2년 사용, 깨끗한 상태, 작동 이상 없음', 'GOOD', 'SELLING', 0, 0, 'N', NOW(), NOW());
INSERT INTO product_post_images (id, product_post_id, image_id, display_order, is_primary, delete_status, created_at, updated_at) VALUES ('01939a8c-6049-7000-8000-000000000001-product_post_images', '01939a8c-4049-7000-8000-000000000001-product', '01939a8c-3049-7000-8000-000000000001-images', 0, true, 'N', NOW(), NOW());
INSERT INTO product_post_tag (product_post_id, tag_id) VALUES ('01939a8c-4049-7000-8000-000000000001-product', '01939a8c-2000-7000-8000-000000000009-tag'), ('01939a8c-4049-7000-8000-000000000001-product', '01939a8c-2000-7000-8000-000000000006-tag');

-- #50: 에어프라이어
INSERT INTO images (id, original_file_name, stored_file_name, s3_url, s3_key, original_file_size, original_content_type, compressed_file_size, converted_content_type, image_target, delete_status, created_at, updated_at) VALUES ('01939a8c-3050-7000-8000-000000000001-images', 'airfryer.jpg', 'airfryer.webp', 'https://s3.amazonaws.com/products/airfryer.webp', 'products/airfryer.webp', 1200000, 'image/jpeg', 300000, 'WEBP', 'PRODUCT', 'N', NOW(), NOW());
INSERT INTO product_post (id, user_id, category_id, title, name, price, description, status, trade_status, view_count, liked_count, delete_status, created_at, updated_at) VALUES ('01939a8c-4050-7000-8000-000000000001-product', '01939a8c-5000-7000-8000-000000000050-user', '01939a8c-1234-7000-8000-000000000003-category', '필립스 에어프라이어 XXL', 'Philips Airfryer XXL', 180000, '1년 사용, 세척 완료, 작동 완벽', 'GOOD', 'SELLING', 0, 0, 'N', NOW(), NOW());
INSERT INTO product_post_images (id, product_post_id, image_id, display_order, is_primary, delete_status, created_at, updated_at) VALUES ('01939a8c-6050-7000-8000-000000000001-product_post_images', '01939a8c-4050-7000-8000-000000000001-product', '01939a8c-3050-7000-8000-000000000001-images', 0, true, 'N', NOW(), NOW());
INSERT INTO product_post_tag (product_post_id, tag_id) VALUES ('01939a8c-4050-7000-8000-000000000001-product', '01939a8c-2000-7000-8000-000000000009-tag'), ('01939a8c-4050-7000-8000-000000000001-product', '01939a8c-2000-7000-8000-000000000006-tag');

-- #51: 프라이팬 세트
INSERT INTO images (id, original_file_name, stored_file_name, s3_url, s3_key, original_file_size, original_content_type, compressed_file_size, converted_content_type, image_target, delete_status, created_at, updated_at) VALUES ('01939a8c-3051-7000-8000-000000000001-images', 'pan.jpg', 'pan.webp', 'https://s3.amazonaws.com/products/pan.webp', 'products/pan.webp', 1100000, 'image/jpeg', 275000, 'WEBP', 'PRODUCT', 'N', NOW(), NOW());
INSERT INTO product_post (id, user_id, category_id, title, name, price, description, status, trade_status, view_count, liked_count, delete_status, created_at, updated_at) VALUES ('01939a8c-4051-7000-8000-000000000001-product', '01939a8c-5000-7000-8000-000000000051-user', '01939a8c-1234-7000-8000-000000000006-category', '테팔 프라이팬 세트 3종', 'Tefal Pan Set', 65000, '6개월 사용, 코팅 양호, 깨끗한 상태', 'GOOD', 'SELLING', 0, 0, 'N', NOW(), NOW());
INSERT INTO product_post_images (id, product_post_id, image_id, display_order, is_primary, delete_status, created_at, updated_at) VALUES ('01939a8c-6051-7000-8000-000000000001-product_post_images', '01939a8c-4051-7000-8000-000000000001-product', '01939a8c-3051-7000-8000-000000000001-images', 0, true, 'N', NOW(), NOW());
INSERT INTO product_post_tag (product_post_id, tag_id) VALUES ('01939a8c-4051-7000-8000-000000000001-product', '01939a8c-2000-7000-8000-000000000041-tag'), ('01939a8c-4051-7000-8000-000000000001-product', '01939a8c-2000-7000-8000-000000000009-tag');

-- #52: 냄비 세트
INSERT INTO images (id, original_file_name, stored_file_name, s3_url, s3_key, original_file_size, original_content_type, compressed_file_size, converted_content_type, image_target, delete_status, created_at, updated_at) VALUES ('01939a8c-3052-7000-8000-000000000001-images', 'pot.jpg', 'pot.webp', 'https://s3.amazonaws.com/products/pot.webp', 'products/pot.webp', 1150000, 'image/jpeg', 287500, 'WEBP', 'PRODUCT', 'N', NOW(), NOW());
INSERT INTO product_post (id, user_id, category_id, title, name, price, description, status, trade_status, view_count, liked_count, delete_status, created_at, updated_at) VALUES ('01939a8c-4052-7000-8000-000000000001-product', '01939a8c-5000-7000-8000-000000000052-user', '01939a8c-1234-7000-8000-000000000006-category', '스텐 냄비 세트 5종', 'Stainless Pot Set', 95000, '1년 사용, 관리 잘됨, 깨끗한 상태', 'GOOD', 'SELLING', 0, 0, 'N', NOW(), NOW());
INSERT INTO product_post_images (id, product_post_id, image_id, display_order, is_primary, delete_status, created_at, updated_at) VALUES ('01939a8c-6052-7000-8000-000000000001-product_post_images', '01939a8c-4052-7000-8000-000000000001-product', '01939a8c-3052-7000-8000-000000000001-images', 0, true, 'N', NOW(), NOW());
INSERT INTO product_post_tag (product_post_id, tag_id) VALUES ('01939a8c-4052-7000-8000-000000000001-product', '01939a8c-2000-7000-8000-000000000041-tag'), ('01939a8c-4052-7000-8000-000000000001-product', '01939a8c-2000-7000-8000-000000000009-tag');

-- #53: 식칼 세트
INSERT INTO images (id, original_file_name, stored_file_name, s3_url, s3_key, original_file_size, original_content_type, compressed_file_size, converted_content_type, image_target, delete_status, created_at, updated_at) VALUES ('01939a8c-3053-7000-8000-000000000001-images', 'knife.jpg', 'knife.webp', 'https://s3.amazonaws.com/products/knife.webp', 'products/knife.webp', 1000000, 'image/jpeg', 250000, 'WEBP', 'PRODUCT', 'N', NOW(), NOW());
INSERT INTO product_post (id, user_id, category_id, title, name, price, description, status, trade_status, view_count, liked_count, delete_status, created_at, updated_at) VALUES ('01939a8c-4053-7000-8000-000000000001-product', '01939a8c-5000-7000-8000-000000000053-user', '01939a8c-1234-7000-8000-000000000006-category', '빅토리녹스 식칼 세트', 'Victorinox Knife Set', 120000, '미사용 새상품, 선물받았으나 안써서 판매', 'NEW', 'SELLING', 0, 0, 'N', NOW(), NOW());
INSERT INTO product_post_images (id, product_post_id, image_id, display_order, is_primary, delete_status, created_at, updated_at) VALUES ('01939a8c-6053-7000-8000-000000000001-product_post_images', '01939a8c-4053-7000-8000-000000000001-product', '01939a8c-3053-7000-8000-000000000001-images', 0, true, 'N', NOW(), NOW());
INSERT INTO product_post_tag (product_post_id, tag_id) VALUES ('01939a8c-4053-7000-8000-000000000001-product', '01939a8c-2000-7000-8000-000000000004-tag'), ('01939a8c-4053-7000-8000-000000000001-product', '01939a8c-2000-7000-8000-000000000041-tag');

-- #54: 와인잔 세트
INSERT INTO images (id, original_file_name, stored_file_name, s3_url, s3_key, original_file_size, original_content_type, compressed_file_size, converted_content_type, image_target, delete_status, created_at, updated_at) VALUES ('01939a8c-3054-7000-8000-000000000001-images', 'wineglass.jpg', 'wineglass.webp', 'https://s3.amazonaws.com/products/wineglass.webp', 'products/wineglass.webp', 950000, 'image/jpeg', 237500, 'WEBP', 'PRODUCT', 'N', NOW(), NOW());
INSERT INTO product_post (id, user_id, category_id, title, name, price, description, status, trade_status, view_count, liked_count, delete_status, created_at, updated_at) VALUES ('01939a8c-4054-7000-8000-000000000001-product', '01939a8c-5000-7000-8000-000000000054-user', '01939a8c-1234-7000-8000-000000000006-category', '리델 와인잔 세트 6개', 'Riedel Wine Glass Set', 85000, '미사용, 박스 포함, 선물용으로 좋음', 'NEW', 'SELLING', 0, 0, 'N', NOW(), NOW());
INSERT INTO product_post_images (id, product_post_id, image_id, display_order, is_primary, delete_status, created_at, updated_at) VALUES ('01939a8c-6054-7000-8000-000000000001-product_post_images', '01939a8c-4054-7000-8000-000000000001-product', '01939a8c-3054-7000-8000-000000000001-images', 0, true, 'N', NOW(), NOW());
INSERT INTO product_post_tag (product_post_id, tag_id) VALUES ('01939a8c-4054-7000-8000-000000000001-product', '01939a8c-2000-7000-8000-000000000004-tag'), ('01939a8c-4054-7000-8000-000000000001-product', '01939a8c-2000-7000-8000-000000000041-tag');

-- #55: 접시 세트
INSERT INTO images (id, original_file_name, stored_file_name, s3_url, s3_key, original_file_size, original_content_type, compressed_file_size, converted_content_type, image_target, delete_status, created_at, updated_at) VALUES ('01939a8c-3055-7000-8000-000000000001-images', 'dishes.jpg', 'dishes.webp', 'https://s3.amazonaws.com/products/dishes.webp', 'products/dishes.webp', 1050000, 'image/jpeg', 262500, 'WEBP', 'PRODUCT', 'N', NOW(), NOW());
INSERT INTO product_post (id, user_id, category_id, title, name, price, description, status, trade_status, view_count, liked_count, delete_status, created_at, updated_at) VALUES ('01939a8c-4055-7000-8000-000000000001-product', '01939a8c-5000-7000-8000-000000000055-user', '01939a8c-1234-7000-8000-000000000006-category', '노리타케 접시 세트 12p', 'Noritake Dish Set', 120000, '미사용 새상품, 결혼 선물로 받음', 'NEW', 'SELLING', 0, 0, 'N', NOW(), NOW());
INSERT INTO product_post_images (id, product_post_id, image_id, display_order, is_primary, delete_status, created_at, updated_at) VALUES ('01939a8c-6055-7000-8000-000000000001-product_post_images', '01939a8c-4055-7000-8000-000000000001-product', '01939a8c-3055-7000-8000-000000000001-images', 0, true, 'N', NOW(), NOW());
INSERT INTO product_post_tag (product_post_id, tag_id) VALUES ('01939a8c-4055-7000-8000-000000000001-product', '01939a8c-2000-7000-8000-000000000004-tag'), ('01939a8c-4055-7000-8000-000000000001-product', '01939a8c-2000-7000-8000-000000000041-tag');

-- #56: 무선 청소기
INSERT INTO images (id, original_file_name, stored_file_name, s3_url, s3_key, original_file_size, original_content_type, compressed_file_size, converted_content_type, image_target, delete_status, created_at, updated_at) VALUES ('01939a8c-3056-7000-8000-000000000001-images', 'vacuum2.jpg', 'vacuum2.webp', 'https://s3.amazonaws.com/products/vacuum2.webp', 'products/vacuum2.webp', 1500000, 'image/jpeg', 375000, 'WEBP', 'PRODUCT', 'N', NOW(), NOW());
INSERT INTO product_post (id, user_id, category_id, title, name, price, description, status, trade_status, view_count, liked_count, delete_status, created_at, updated_at) VALUES ('01939a8c-4056-7000-8000-000000000001-product', '01939a8c-5000-7000-8000-000000000056-user', '01939a8c-1234-7000-8000-000000000003-category', '샤오미 무선청소기 G10', 'Xiaomi Vacuum G10', 220000, '8개월 사용, 필터 새것, 배터리 수명 좋음', 'GOOD', 'SELLING', 0, 0, 'N', NOW(), NOW());
INSERT INTO product_post_images (id, product_post_id, image_id, display_order, is_primary, delete_status, created_at, updated_at) VALUES ('01939a8c-6056-7000-8000-000000000001-product_post_images', '01939a8c-4056-7000-8000-000000000001-product', '01939a8c-3056-7000-8000-000000000001-images', 0, true, 'N', NOW(), NOW());
INSERT INTO product_post_tag (product_post_id, tag_id) VALUES ('01939a8c-4056-7000-8000-000000000001-product', '01939a8c-2000-7000-8000-000000000009-tag'), ('01939a8c-4056-7000-8000-000000000001-product', '01939a8c-2000-7000-8000-000000000006-tag');

-- #57: 스탠드 조명
INSERT INTO images (id, original_file_name, stored_file_name, s3_url, s3_key, original_file_size, original_content_type, compressed_file_size, converted_content_type, image_target, delete_status, created_at, updated_at) VALUES ('01939a8c-3057-7000-8000-000000000001-images', 'lamp.jpg', 'lamp.webp', 'https://s3.amazonaws.com/products/lamp.webp', 'products/lamp.webp', 1100000, 'image/jpeg', 275000, 'WEBP', 'PRODUCT', 'N', NOW(), NOW());
INSERT INTO product_post (id, user_id, category_id, title, name, price, description, status, trade_status, view_count, liked_count, delete_status, created_at, updated_at) VALUES ('01939a8c-4057-7000-8000-000000000001-product', '01939a8c-5000-7000-8000-000000000057-user', '01939a8c-1234-7000-8000-000000000001-category', 'BenQ 아이케어 스탠드', 'BenQ Eye Care Lamp', 180000, '1년 사용, 밝기 조절 가능, 작동 완벽', 'GOOD', 'SELLING', 0, 0, 'N', NOW(), NOW());
INSERT INTO product_post_images (id, product_post_id, image_id, display_order, is_primary, delete_status, created_at, updated_at) VALUES ('01939a8c-6057-7000-8000-000000000001-product_post_images', '01939a8c-4057-7000-8000-000000000001-product', '01939a8c-3057-7000-8000-000000000001-images', 0, true, 'N', NOW(), NOW());
INSERT INTO product_post_tag (product_post_id, tag_id) VALUES ('01939a8c-4057-7000-8000-000000000001-product', '01939a8c-2000-7000-8000-000000000009-tag'), ('01939a8c-4057-7000-8000-000000000001-product', '01939a8c-2000-7000-8000-000000000006-tag');

-- #58: 러그
INSERT INTO images (id, original_file_name, stored_file_name, s3_url, s3_key, original_file_size, original_content_type, compressed_file_size, converted_content_type, image_target, delete_status, created_at, updated_at) VALUES ('01939a8c-3058-7000-8000-000000000001-images', 'rug.jpg', 'rug.webp', 'https://s3.amazonaws.com/products/rug.webp', 'products/rug.webp', 1400000, 'image/jpeg', 350000, 'WEBP', 'PRODUCT', 'N', NOW(), NOW());
INSERT INTO product_post (id, user_id, category_id, title, name, price, description, status, trade_status, view_count, liked_count, delete_status, created_at, updated_at) VALUES ('01939a8c-4058-7000-8000-000000000001-product', '01939a8c-5000-7000-8000-000000000058-user', '01939a8c-1234-7000-8000-000000000001-category', '북유럽 스타일 러그 200x150', 'Nordic Style Rug', 95000, '6개월 사용, 세탁 완료, 직거래 가능', 'GOOD', 'SELLING', 0, 0, 'N', NOW(), NOW());
INSERT INTO product_post_images (id, product_post_id, image_id, display_order, is_primary, delete_status, created_at, updated_at) VALUES ('01939a8c-6058-7000-8000-000000000001-product_post_images', '01939a8c-4058-7000-8000-000000000001-product', '01939a8c-3058-7000-8000-000000000001-images', 0, true, 'N', NOW(), NOW());
INSERT INTO product_post_tag (product_post_id, tag_id) VALUES ('01939a8c-4058-7000-8000-000000000001-product', '01939a8c-2000-7000-8000-000000000009-tag'), ('01939a8c-4058-7000-8000-000000000001-product', '01939a8c-2000-7000-8000-000000000005-tag');

-- #59: 커튼
INSERT INTO images (id, original_file_name, stored_file_name, s3_url, s3_key, original_file_size, original_content_type, compressed_file_size, converted_content_type, image_target, delete_status, created_at, updated_at) VALUES ('01939a8c-3059-7000-8000-000000000001-images', 'curtain.jpg', 'curtain.webp', 'https://s3.amazonaws.com/products/curtain.webp', 'products/curtain.webp', 1200000, 'image/jpeg', 300000, 'WEBP', 'PRODUCT', 'N', NOW(), NOW());
INSERT INTO product_post (id, user_id, category_id, title, name, price, description, status, trade_status, view_count, liked_count, delete_status, created_at, updated_at) VALUES ('01939a8c-4059-7000-8000-000000000001-product', '01939a8c-5000-7000-8000-000000000059-user', '01939a8c-1234-7000-8000-000000000001-category', '암막 커튼 그레이 2장', 'Blackout Curtain', 55000, '1년 사용, 세탁 완료, 깨끗한 상태', 'GOOD', 'SELLING', 0, 0, 'N', NOW(), NOW());
INSERT INTO product_post_images (id, product_post_id, image_id, display_order, is_primary, delete_status, created_at, updated_at) VALUES ('01939a8c-6059-7000-8000-000000000001-product_post_images', '01939a8c-4059-7000-8000-000000000001-product', '01939a8c-3059-7000-8000-000000000001-images', 0, true, 'N', NOW(), NOW());
INSERT INTO product_post_tag (product_post_id, tag_id) VALUES ('01939a8c-4059-7000-8000-000000000001-product', '01939a8c-2000-7000-8000-000000000009-tag'), ('01939a8c-4059-7000-8000-000000000001-product', '01939a8c-2000-7000-8000-000000000006-tag');

-- #60: 플라스틱 서랍장
INSERT INTO images (id, original_file_name, stored_file_name, s3_url, s3_key, original_file_size, original_content_type, compressed_file_size, converted_content_type, image_target, delete_status, created_at, updated_at) VALUES ('01939a8c-3060-7000-8000-000000000001-images', 'drawer.jpg', 'drawer.webp', 'https://s3.amazonaws.com/products/drawer.webp', 'products/drawer.webp', 1300000, 'image/jpeg', 325000, 'WEBP', 'PRODUCT', 'N', NOW(), NOW());
INSERT INTO product_post (id, user_id, category_id, title, name, price, description, status, trade_status, view_count, liked_count, delete_status, created_at, updated_at) VALUES ('01939a8c-4060-7000-8000-000000000001-product', '01939a8c-5000-7000-8000-000000000060-user', '01939a8c-1234-7000-8000-000000000006-category', '플라스틱 5단 서랍장', 'Plastic Drawer', 25000, '2년 사용, 깨끗하게 청소함', 'GOOD', 'SELLING', 0, 0, 'N', NOW(), NOW());
INSERT INTO product_post_images (id, product_post_id, image_id, display_order, is_primary, delete_status, created_at, updated_at) VALUES ('01939a8c-6060-7000-8000-000000000001-product_post_images', '01939a8c-4060-7000-8000-000000000001-product', '01939a8c-3060-7000-8000-000000000001-images', 0, true, 'N', NOW(), NOW());
INSERT INTO product_post_tag (product_post_id, tag_id) VALUES ('01939a8c-4060-7000-8000-000000000001-product', '01939a8c-2000-7000-8000-000000000009-tag'), ('01939a8c-4060-7000-8000-000000000001-product', '01939a8c-2000-7000-8000-000000000006-tag');

-- #61: 행거
INSERT INTO images (id, original_file_name, stored_file_name, s3_url, s3_key, original_file_size, original_content_type, compressed_file_size, converted_content_type, image_target, delete_status, created_at, updated_at) VALUES ('01939a8c-3061-7000-8000-000000000001-images', 'hanger.jpg', 'hanger.webp', 'https://s3.amazonaws.com/products/hanger.webp', 'products/hanger.webp', 1100000, 'image/jpeg', 275000, 'WEBP', 'PRODUCT', 'N', NOW(), NOW());
INSERT INTO product_post (id, user_id, category_id, title, name, price, description, status, trade_status, view_count, liked_count, delete_status, created_at, updated_at) VALUES ('01939a8c-4061-7000-8000-000000000001-product', '01939a8c-5000-7000-8000-000000000061-user', '01939a8c-1234-7000-8000-000000000001-category', '스텐 이동식 행거', 'Stainless Clothes Rack', 35000, '1년 사용, 튼튼함, 바퀴 작동 좋음', 'GOOD', 'SELLING', 0, 0, 'N', NOW(), NOW());
INSERT INTO product_post_images (id, product_post_id, image_id, display_order, is_primary, delete_status, created_at, updated_at) VALUES ('01939a8c-6061-7000-8000-000000000001-product_post_images', '01939a8c-4061-7000-8000-000000000001-product', '01939a8c-3061-7000-8000-000000000001-images', 0, true, 'N', NOW(), NOW());
INSERT INTO product_post_tag (product_post_id, tag_id) VALUES ('01939a8c-4061-7000-8000-000000000001-product', '01939a8c-2000-7000-8000-000000000009-tag'), ('01939a8c-4061-7000-8000-000000000001-product', '01939a8c-2000-7000-8000-000000000006-tag');

-- #62: 전기 장판
INSERT INTO images (id, original_file_name, stored_file_name, s3_url, s3_key, original_file_size, original_content_type, compressed_file_size, converted_content_type, image_target, delete_status, created_at, updated_at) VALUES ('01939a8c-3062-7000-8000-000000000001-images', 'blanket.jpg', 'blanket.webp', 'https://s3.amazonaws.com/products/blanket.webp', 'products/blanket.webp', 1250000, 'image/jpeg', 312500, 'WEBP', 'PRODUCT', 'N', NOW(), NOW());
INSERT INTO product_post (id, user_id, category_id, title, name, price, description, status, trade_status, view_count, liked_count, delete_status, created_at, updated_at) VALUES ('01939a8c-4062-7000-8000-000000000001-product', '01939a8c-5000-7000-8000-000000000062-user', '01939a8c-1234-7000-8000-000000000003-category', '경동나비엔 전기장판 더블', 'KD Navien Electric Blanket', 85000, '1시즌 사용, 세탁 완료, 작동 완벽', 'GOOD', 'SELLING', 0, 0, 'N', NOW(), NOW());
INSERT INTO product_post_images (id, product_post_id, image_id, display_order, is_primary, delete_status, created_at, updated_at) VALUES ('01939a8c-6062-7000-8000-000000000001-product_post_images', '01939a8c-4062-7000-8000-000000000001-product', '01939a8c-3062-7000-8000-000000000001-images', 0, true, 'N', NOW(), NOW());
INSERT INTO product_post_tag (product_post_id, tag_id) VALUES ('01939a8c-4062-7000-8000-000000000001-product', '01939a8c-2000-7000-8000-000000000033-tag'), ('01939a8c-4062-7000-8000-000000000001-product', '01939a8c-2000-7000-8000-000000000009-tag');

-- #63: 선풍기
INSERT INTO images (id, original_file_name, stored_file_name, s3_url, s3_key, original_file_size, original_content_type, compressed_file_size, converted_content_type, image_target, delete_status, created_at, updated_at) VALUES ('01939a8c-3063-7000-8000-000000000001-images', 'fan.jpg', 'fan.webp', 'https://s3.amazonaws.com/products/fan.webp', 'products/fan.webp', 1150000, 'image/jpeg', 287500, 'WEBP', 'PRODUCT', 'N', NOW(), NOW());
INSERT INTO product_post (id, user_id, category_id, title, name, price, description, status, trade_status, view_count, liked_count, delete_status, created_at, updated_at) VALUES ('01939a8c-4063-7000-8000-000000000001-product', '01939a8c-5000-7000-8000-000000000063-user', '01939a8c-1234-7000-8000-000000000003-category', '다이슨 타워팬 AM07', 'Dyson Tower Fan AM07', 280000, '1년 사용, 리모컨 포함, 작동 완벽', 'GOOD', 'SELLING', 0, 0, 'N', NOW(), NOW());
INSERT INTO product_post_images (id, product_post_id, image_id, display_order, is_primary, delete_status, created_at, updated_at) VALUES ('01939a8c-6063-7000-8000-000000000001-product_post_images', '01939a8c-4063-7000-8000-000000000001-product', '01939a8c-3063-7000-8000-000000000001-images', 0, true, 'N', NOW(), NOW());
INSERT INTO product_post_tag (product_post_id, tag_id) VALUES ('01939a8c-4063-7000-8000-000000000001-product', '01939a8c-2000-7000-8000-000000000034-tag'), ('01939a8c-4063-7000-8000-000000000001-product', '01939a8c-2000-7000-8000-000000000009-tag');

-- #64: 가습기
INSERT INTO images (id, original_file_name, stored_file_name, s3_url, s3_key, original_file_size, original_content_type, compressed_file_size, converted_content_type, image_target, delete_status, created_at, updated_at) VALUES ('01939a8c-3064-7000-8000-000000000001-images', 'humidifier.jpg', 'humidifier.webp', 'https://s3.amazonaws.com/products/humidifier.webp', 'products/humidifier.webp', 1200000, 'image/jpeg', 300000, 'WEBP', 'PRODUCT', 'N', NOW(), NOW());
INSERT INTO product_post (id, user_id, category_id, title, name, price, description, status, trade_status, view_count, liked_count, delete_status, created_at, updated_at) VALUES ('01939a8c-4064-7000-8000-000000000001-product', '01939a8c-5000-7000-8000-000000000064-user', '01939a8c-1234-7000-8000-000000000003-category', '위닉스 가습기 10L', 'Winix Humidifier', 95000, '1년 사용, 세척 완료, 작동 완벽', 'GOOD', 'SELLING', 0, 0, 'N', NOW(), NOW());
INSERT INTO product_post_images (id, product_post_id, image_id, display_order, is_primary, delete_status, created_at, updated_at) VALUES ('01939a8c-6064-7000-8000-000000000001-product_post_images', '01939a8c-4064-7000-8000-000000000001-product', '01939a8c-3064-7000-8000-000000000001-images', 0, true, 'N', NOW(), NOW());
INSERT INTO product_post_tag (product_post_id, tag_id) VALUES ('01939a8c-4064-7000-8000-000000000001-product', '01939a8c-2000-7000-8000-000000000033-tag'), ('01939a8c-4064-7000-8000-000000000001-product', '01939a8c-2000-7000-8000-000000000009-tag');

-- #65: 제습기
INSERT INTO images (id, original_file_name, stored_file_name, s3_url, s3_key, original_file_size, original_content_type, compressed_file_size, converted_content_type, image_target, delete_status, created_at, updated_at) VALUES ('01939a8c-3065-7000-8000-000000000001-images', 'dehumidifier.jpg', 'dehumidifier.webp', 'https://s3.amazonaws.com/products/dehumidifier.webp', 'products/dehumidifier.webp', 1350000, 'image/jpeg', 337500, 'WEBP', 'PRODUCT', 'N', NOW(), NOW());
INSERT INTO product_post (id, user_id, category_id, title, name, price, description, status, trade_status, view_count, liked_count, delete_status, created_at, updated_at) VALUES ('01939a8c-4065-7000-8000-000000000001-product', '01939a8c-5000-7000-8000-000000000065-user', '01939a8c-1234-7000-8000-000000000003-category', 'LG 제습기 20L', 'LG Dehumidifier', 220000, '1년 사용, 필터 교체 완료, 작동 완벽', 'GOOD', 'SELLING', 0, 0, 'N', NOW(), NOW());
INSERT INTO product_post_images (id, product_post_id, image_id, display_order, is_primary, delete_status, created_at, updated_at) VALUES ('01939a8c-6065-7000-8000-000000000001-product_post_images', '01939a8c-4065-7000-8000-000000000001-product', '01939a8c-3065-7000-8000-000000000001-images', 0, true, 'N', NOW(), NOW());
INSERT INTO product_post_tag (product_post_id, tag_id) VALUES ('01939a8c-4065-7000-8000-000000000001-product', '01939a8c-2000-7000-8000-000000000034-tag'), ('01939a8c-4065-7000-8000-000000000001-product', '01939a8c-2000-7000-8000-000000000009-tag');

-- #66: 전기히터
INSERT INTO images (id, original_file_name, stored_file_name, s3_url, s3_key, original_file_size, original_content_type, compressed_file_size, converted_content_type, image_target, delete_status, created_at, updated_at) VALUES ('01939a8c-3066-7000-8000-000000000001-images', 'heater.jpg', 'heater.webp', 'https://s3.amazonaws.com/products/heater.webp', 'products/heater.webp', 1250000, 'image/jpeg', 312500, 'WEBP', 'PRODUCT', 'N', NOW(), NOW());
INSERT INTO product_post (id, user_id, category_id, title, name, price, description, status, trade_status, view_count, liked_count, delete_status, created_at, updated_at) VALUES ('01939a8c-4066-7000-8000-000000000001-product', '01939a8c-5000-7000-8000-000000000066-user', '01939a8c-1234-7000-8000-000000000003-category', '디롱기 오일 히터', 'Delonghi Oil Heater', 150000, '2년 사용, 작동 완벽, 안전함', 'GOOD', 'SELLING', 0, 0, 'N', NOW(), NOW());
INSERT INTO product_post_images (id, product_post_id, image_id, display_order, is_primary, delete_status, created_at, updated_at) VALUES ('01939a8c-6066-7000-8000-000000000001-product_post_images', '01939a8c-4066-7000-8000-000000000001-product', '01939a8c-3066-7000-8000-000000000001-images', 0, true, 'N', NOW(), NOW());
INSERT INTO product_post_tag (product_post_id, tag_id) VALUES ('01939a8c-4066-7000-8000-000000000001-product', '01939a8c-2000-7000-8000-000000000033-tag'), ('01939a8c-4066-7000-8000-000000000001-product', '01939a8c-2000-7000-8000-000000000009-tag');

-- #67: 킨들
INSERT INTO images (id, original_file_name, stored_file_name, s3_url, s3_key, original_file_size, original_content_type, compressed_file_size, converted_content_type, image_target, delete_status, created_at, updated_at) VALUES ('01939a8c-3067-7000-8000-000000000001-images', 'kindle.jpg', 'kindle.webp', 'https://s3.amazonaws.com/products/kindle.webp', 'products/kindle.webp', 1050000, 'image/jpeg', 262500, 'WEBP', 'PRODUCT', 'N', NOW(), NOW());
INSERT INTO product_post (id, user_id, category_id, title, name, price, description, status, trade_status, view_count, liked_count, delete_status, created_at, updated_at) VALUES ('01939a8c-4067-7000-8000-000000000001-product', '01939a8c-5000-7000-8000-000000000067-user', '01939a8c-1234-7000-8000-000000000013-category', '킨들 페이퍼화이트 11세대', 'Kindle Paperwhite 11', 140000, '6개월 사용, 케이스 포함, 스크래치 없음', 'GOOD', 'SELLING', 0, 0, 'N', NOW(), NOW());
INSERT INTO product_post_images (id, product_post_id, image_id, display_order, is_primary, delete_status, created_at, updated_at) VALUES ('01939a8c-6067-7000-8000-000000000001-product_post_images', '01939a8c-4067-7000-8000-000000000001-product', '01939a8c-3067-7000-8000-000000000001-images', 0, true, 'N', NOW(), NOW());
INSERT INTO product_post_tag (product_post_id, tag_id) VALUES ('01939a8c-4067-7000-8000-000000000001-product', '01939a8c-2000-7000-8000-000000000009-tag'), ('01939a8c-4067-7000-8000-000000000001-product', '01939a8c-2000-7000-8000-000000000006-tag');

-- #68: 블루투스 스피커
INSERT INTO images (id, original_file_name, stored_file_name, s3_url, s3_key, original_file_size, original_content_type, compressed_file_size, converted_content_type, image_target, delete_status, created_at, updated_at) VALUES ('01939a8c-3068-7000-8000-000000000001-images', 'speaker.jpg', 'speaker.webp', 'https://s3.amazonaws.com/products/speaker.webp', 'products/speaker.webp', 1150000, 'image/jpeg', 287500, 'WEBP', 'PRODUCT', 'N', NOW(), NOW());
INSERT INTO product_post (id, user_id, category_id, title, name, price, description, status, trade_status, view_count, liked_count, delete_status, created_at, updated_at) VALUES ('01939a8c-4068-7000-8000-000000000001-product', '01939a8c-5000-7000-8000-000000000068-user', '01939a8c-1234-7000-8000-000000000013-category', 'JBL Flip 6 블루투스 스피커', 'JBL Flip 6', 95000, '3개월 사용, 방수 기능, 배터리 수명 좋음', 'GOOD', 'SELLING', 0, 0, 'N', NOW(), NOW());
INSERT INTO product_post_images (id, product_post_id, image_id, display_order, is_primary, delete_status, created_at, updated_at) VALUES ('01939a8c-6068-7000-8000-000000000001-product_post_images', '01939a8c-4068-7000-8000-000000000001-product', '01939a8c-3068-7000-8000-000000000001-images', 0, true, 'N', NOW(), NOW());
INSERT INTO product_post_tag (product_post_id, tag_id) VALUES ('01939a8c-4068-7000-8000-000000000001-product', '01939a8c-2000-7000-8000-000000000009-tag'), ('01939a8c-4068-7000-8000-000000000001-product', '01939a8c-2000-7000-8000-000000000006-tag');

-- #69: 기계식 키보드
INSERT INTO images (id, original_file_name, stored_file_name, s3_url, s3_key, original_file_size, original_content_type, compressed_file_size, converted_content_type, image_target, delete_status, created_at, updated_at) VALUES ('01939a8c-3069-7000-8000-000000000001-images', 'keyboard.jpg', 'keyboard.webp', 'https://s3.amazonaws.com/products/keyboard.webp', 'products/keyboard.webp', 1100000, 'image/jpeg', 275000, 'WEBP', 'PRODUCT', 'N', NOW(), NOW());
INSERT INTO product_post (id, user_id, category_id, title, name, price, description, status, trade_status, view_count, liked_count, delete_status, created_at, updated_at) VALUES ('01939a8c-4069-7000-8000-000000000001-product', '01939a8c-5000-7000-8000-000000000069-user', '01939a8c-1234-7000-8000-000000000013-category', '레오폴드 FC750R 적축', 'Leopold FC750R', 130000, '1년 사용, 깨끗한 상태, 정품 박스 포함', 'GOOD', 'SELLING', 0, 0, 'N', NOW(), NOW());
INSERT INTO product_post_images (id, product_post_id, image_id, display_order, is_primary, delete_status, created_at, updated_at) VALUES ('01939a8c-6069-7000-8000-000000000001-product_post_images', '01939a8c-4069-7000-8000-000000000001-product', '01939a8c-3069-7000-8000-000000000001-images', 0, true, 'N', NOW(), NOW());
INSERT INTO product_post_tag (product_post_id, tag_id) VALUES ('01939a8c-4069-7000-8000-000000000001-product', '01939a8c-2000-7000-8000-000000000009-tag'), ('01939a8c-4069-7000-8000-000000000001-product', '01939a8c-2000-7000-8000-000000000006-tag');

-- #70: 웹캠
INSERT INTO images (id, original_file_name, stored_file_name, s3_url, s3_key, original_file_size, original_content_type, compressed_file_size, converted_content_type, image_target, delete_status, created_at, updated_at) VALUES ('01939a8c-3070-7000-8000-000000000001-images', 'webcam.jpg', 'webcam.webp', 'https://s3.amazonaws.com/products/webcam.webp', 'products/webcam.webp', 1000000, 'image/jpeg', 250000, 'WEBP', 'PRODUCT', 'N', NOW(), NOW());
INSERT INTO product_post (id, user_id, category_id, title, name, price, description, status, trade_status, view_count, liked_count, delete_status, created_at, updated_at) VALUES ('01939a8c-4070-7000-8000-000000000001-product', '01939a8c-5000-7000-8000-000000000070-user', '01939a8c-1234-7000-8000-000000000013-category', '로지텍 브리오 4K 웹캠', 'Logitech Brio 4K', 180000, '6개월 사용, 정품박스 포함, 작동 완벽', 'GOOD', 'SELLING', 0, 0, 'N', NOW(), NOW());
INSERT INTO product_post_images (id, product_post_id, image_id, display_order, is_primary, delete_status, created_at, updated_at) VALUES ('01939a8c-6070-7000-8000-000000000001-product_post_images', '01939a8c-4070-7000-8000-000000000001-product', '01939a8c-3070-7000-8000-000000000001-images', 0, true, 'N', NOW(), NOW());
INSERT INTO product_post_tag (product_post_id, tag_id) VALUES ('01939a8c-4070-7000-8000-000000000001-product', '01939a8c-2000-7000-8000-000000000009-tag'), ('01939a8c-4070-7000-8000-000000000001-product', '01939a8c-2000-7000-8000-000000000006-tag');

-- #71: USB 허브
INSERT INTO images (id, original_file_name, stored_file_name, s3_url, s3_key, original_file_size, original_content_type, compressed_file_size, converted_content_type, image_target, delete_status, created_at, updated_at) VALUES ('01939a8c-3071-7000-8000-000000000001-images', 'usbhub.jpg', 'usbhub.webp', 'https://s3.amazonaws.com/products/usbhub.webp', 'products/usbhub.webp', 850000, 'image/jpeg', 212500, 'WEBP', 'PRODUCT', 'N', NOW(), NOW());
INSERT INTO product_post (id, user_id, category_id, title, name, price, description, status, trade_status, view_count, liked_count, delete_status, created_at, updated_at) VALUES ('01939a8c-4071-7000-8000-000000000001-product', '01939a8c-5000-7000-8000-000000000071-user', '01939a8c-1234-7000-8000-000000000013-category', 'USB-C 멀티 허브 7포트', 'USB-C Multi Hub', 45000, '3개월 사용, 정품, 작동 완벽', 'GOOD', 'SELLING', 0, 0, 'N', NOW(), NOW());
INSERT INTO product_post_images (id, product_post_id, image_id, display_order, is_primary, delete_status, created_at, updated_at) VALUES ('01939a8c-6071-7000-8000-000000000001-product_post_images', '01939a8c-4071-7000-8000-000000000001-product', '01939a8c-3071-7000-8000-000000000001-images', 0, true, 'N', NOW(), NOW());
INSERT INTO product_post_tag (product_post_id, tag_id) VALUES ('01939a8c-4071-7000-8000-000000000001-product', '01939a8c-2000-7000-8000-000000000009-tag'), ('01939a8c-4071-7000-8000-000000000001-product', '01939a8c-2000-7000-8000-000000000006-tag');

-- #72: 외장 SSD
INSERT INTO images (id, original_file_name, stored_file_name, s3_url, s3_key, original_file_size, original_content_type, compressed_file_size, converted_content_type, image_target, delete_status, created_at, updated_at) VALUES ('01939a8c-3072-7000-8000-000000000001-images', 'ssd.jpg', 'ssd.webp', 'https://s3.amazonaws.com/products/ssd.webp', 'products/ssd.webp', 900000, 'image/jpeg', 225000, 'WEBP', 'PRODUCT', 'N', NOW(), NOW());
INSERT INTO product_post (id, user_id, category_id, title, name, price, description, status, trade_status, view_count, liked_count, delete_status, created_at, updated_at) VALUES ('01939a8c-4072-7000-8000-000000000001-product', '01939a8c-5000-7000-8000-000000000072-user', '01939a8c-1234-7000-8000-000000000013-category', '삼성 T7 외장 SSD 1TB', 'Samsung T7 SSD', 120000, '6개월 사용, 정품박스 포함, 작동 완벽', 'GOOD', 'SELLING', 0, 0, 'N', NOW(), NOW());
INSERT INTO product_post_images (id, product_post_id, image_id, display_order, is_primary, delete_status, created_at, updated_at) VALUES ('01939a8c-6072-7000-8000-000000000001-product_post_images', '01939a8c-4072-7000-8000-000000000001-product', '01939a8c-3072-7000-8000-000000000001-images', 0, true, 'N', NOW(), NOW());
INSERT INTO product_post_tag (product_post_id, tag_id) VALUES ('01939a8c-4072-7000-8000-000000000001-product', '01939a8c-2000-7000-8000-000000000009-tag'), ('01939a8c-4072-7000-8000-000000000001-product', '01939a8c-2000-7000-8000-000000000006-tag');

-- #73: 보조배터리
INSERT INTO images (id, original_file_name, stored_file_name, s3_url, s3_key, original_file_size, original_content_type, compressed_file_size, converted_content_type, image_target, delete_status, created_at, updated_at) VALUES ('01939a8c-3073-7000-8000-000000000001-images', 'powerbank.jpg', 'powerbank.webp', 'https://s3.amazonaws.com/products/powerbank.webp', 'products/powerbank.webp', 950000, 'image/jpeg', 237500, 'WEBP', 'PRODUCT', 'N', NOW(), NOW());
INSERT INTO product_post (id, user_id, category_id, title, name, price, description, status, trade_status, view_count, liked_count, delete_status, created_at, updated_at) VALUES ('01939a8c-4073-7000-8000-000000000001-product', '01939a8c-5000-7000-8000-000000000073-user', '01939a8c-1234-7000-8000-000000000013-category', '안커 보조배터리 20000mAh', 'Anker PowerBank', 55000, '3개월 사용, 고속충전 지원, 배터리 수명 좋음', 'GOOD', 'SELLING', 0, 0, 'N', NOW(), NOW());
INSERT INTO product_post_images (id, product_post_id, image_id, display_order, is_primary, delete_status, created_at, updated_at) VALUES ('01939a8c-6073-7000-8000-000000000001-product_post_images', '01939a8c-4073-7000-8000-000000000001-product', '01939a8c-3073-7000-8000-000000000001-images', 0, true, 'N', NOW(), NOW());
INSERT INTO product_post_tag (product_post_id, tag_id) VALUES ('01939a8c-4073-7000-8000-000000000001-product', '01939a8c-2000-7000-8000-000000000009-tag'), ('01939a8c-4073-7000-8000-000000000001-product', '01939a8c-2000-7000-8000-000000000006-tag');

-- #74: 무선충전기
INSERT INTO images (id, original_file_name, stored_file_name, s3_url, s3_key, original_file_size, original_content_type, compressed_file_size, converted_content_type, image_target, delete_status, created_at, updated_at) VALUES ('01939a8c-3074-7000-8000-000000000001-images', 'charger.jpg', 'charger.webp', 'https://s3.amazonaws.com/products/charger.webp', 'products/charger.webp', 880000, 'image/jpeg', 220000, 'WEBP', 'PRODUCT', 'N', NOW(), NOW());
INSERT INTO product_post (id, user_id, category_id, title, name, price, description, status, trade_status, view_count, liked_count, delete_status, created_at, updated_at) VALUES ('01939a8c-4074-7000-8000-000000000001-product', '01939a8c-5000-7000-8000-000000000074-user', '01939a8c-1234-7000-8000-000000000013-category', '벨킨 3in1 무선충전기', 'Belkin 3in1 Charger', 85000, '6개월 사용, 아이폰+애플워치+에어팟 동시 충전', 'GOOD', 'SELLING', 0, 0, 'N', NOW(), NOW());
INSERT INTO product_post_images (id, product_post_id, image_id, display_order, is_primary, delete_status, created_at, updated_at) VALUES ('01939a8c-6074-7000-8000-000000000001-product_post_images', '01939a8c-4074-7000-8000-000000000001-product', '01939a8c-3074-7000-8000-000000000001-images', 0, true, 'N', NOW(), NOW());
INSERT INTO product_post_tag (product_post_id, tag_id) VALUES ('01939a8c-4074-7000-8000-000000000001-product', '01939a8c-2000-7000-8000-000000000009-tag'), ('01939a8c-4074-7000-8000-000000000001-product', '01939a8c-2000-7000-8000-000000000006-tag');

-- #75: 애플워치
INSERT INTO images (id, original_file_name, stored_file_name, s3_url, s3_key, original_file_size, original_content_type, compressed_file_size, converted_content_type, image_target, delete_status, created_at, updated_at) VALUES ('01939a8c-3075-7000-8000-000000000001-images', 'applewatch.jpg', 'applewatch.webp', 'https://s3.amazonaws.com/products/applewatch.webp', 'products/applewatch.webp', 1100000, 'image/jpeg', 275000, 'WEBP', 'PRODUCT', 'N', NOW(), NOW());
INSERT INTO product_post (id, user_id, category_id, title, name, price, description, status, trade_status, view_count, liked_count, delete_status, created_at, updated_at) VALUES ('01939a8c-4075-7000-8000-000000000001-product', '01939a8c-5000-7000-8000-000000000075-user', '01939a8c-1234-7000-8000-000000000013-category', '애플워치 SE 2세대 44mm', 'Apple Watch SE 2', 280000, '6개월 사용, 스크래치 없음, 밴드 2개 포함', 'GOOD', 'SELLING', 0, 0, 'N', NOW(), NOW());
INSERT INTO product_post_images (id, product_post_id, image_id, display_order, is_primary, delete_status, created_at, updated_at) VALUES ('01939a8c-6075-7000-8000-000000000001-product_post_images', '01939a8c-4075-7000-8000-000000000001-product', '01939a8c-3075-7000-8000-000000000001-images', 0, true, 'N', NOW(), NOW());
INSERT INTO product_post_tag (product_post_id, tag_id) VALUES ('01939a8c-4075-7000-8000-000000000001-product', '01939a8c-2000-7000-8000-000000000009-tag'), ('01939a8c-4075-7000-8000-000000000001-product', '01939a8c-2000-7000-8000-000000000006-tag');

-- #76: 갤럭시 버즈
INSERT INTO images (id, original_file_name, stored_file_name, s3_url, s3_key, original_file_size, original_content_type, compressed_file_size, converted_content_type, image_target, delete_status, created_at, updated_at) VALUES ('01939a8c-3076-7000-8000-000000000001-images', 'buds.jpg', 'buds.webp', 'https://s3.amazonaws.com/products/buds.webp', 'products/buds.webp', 1000000, 'image/jpeg', 250000, 'WEBP', 'PRODUCT', 'N', NOW(), NOW());
INSERT INTO product_post (id, user_id, category_id, title, name, price, description, status, trade_status, view_count, liked_count, delete_status, created_at, updated_at) VALUES ('01939a8c-4076-7000-8000-000000000001-product', '01939a8c-5000-7000-8000-000000000076-user', '01939a8c-1234-7000-8000-000000000013-category', '갤럭시 버즈 프로 2', 'Galaxy Buds Pro 2', 150000, '4개월 사용, 노이즈캔슬링 완벽, 정품박스 포함', 'GOOD', 'SELLING', 0, 0, 'N', NOW(), NOW());
INSERT INTO product_post_images (id, product_post_id, image_id, display_order, is_primary, delete_status, created_at, updated_at) VALUES ('01939a8c-6076-7000-8000-000000000001-product_post_images', '01939a8c-4076-7000-8000-000000000001-product', '01939a8c-3076-7000-8000-000000000001-images', 0, true, 'N', NOW(), NOW());
INSERT INTO product_post_tag (product_post_id, tag_id) VALUES ('01939a8c-4076-7000-8000-000000000001-product', '01939a8c-2000-7000-8000-000000000009-tag'), ('01939a8c-4076-7000-8000-000000000001-product', '01939a8c-2000-7000-8000-000000000006-tag');

-- #77: 플레이스테이션5
INSERT INTO images (id, original_file_name, stored_file_name, s3_url, s3_key, original_file_size, original_content_type, compressed_file_size, converted_content_type, image_target, delete_status, created_at, updated_at) VALUES ('01939a8c-3077-7000-8000-000000000001-images', 'ps5.jpg', 'ps5.webp', 'https://s3.amazonaws.com/products/ps5.webp', 'products/ps5.webp', 1400000, 'image/jpeg', 350000, 'WEBP', 'PRODUCT', 'N', NOW(), NOW());
INSERT INTO product_post (id, user_id, category_id, title, name, price, description, status, trade_status, view_count, liked_count, delete_status, created_at, updated_at) VALUES ('01939a8c-4077-7000-8000-000000000001-product', '01939a8c-5000-7000-8000-000000000077-user', '01939a8c-1234-7000-8000-000000000013-category', 'PS5 디지털 에디션', 'PlayStation 5 Digital', 450000, '1년 사용, 게임 3개 포함, 컨트롤러 2개', 'GOOD', 'SELLING', 0, 0, 'N', NOW(), NOW());
INSERT INTO product_post_images (id, product_post_id, image_id, display_order, is_primary, delete_status, created_at, updated_at) VALUES ('01939a8c-6077-7000-8000-000000000001-product_post_images', '01939a8c-4077-7000-8000-000000000001-product', '01939a8c-3077-7000-8000-000000000001-images', 0, true, 'N', NOW(), NOW());
INSERT INTO product_post_tag (product_post_id, tag_id) VALUES ('01939a8c-4077-7000-8000-000000000001-product', '01939a8c-2000-7000-8000-000000000041-tag'), ('01939a8c-4077-7000-8000-000000000001-product', '01939a8c-2000-7000-8000-000000000009-tag');

-- #78: Xbox 시리즈 X
INSERT INTO images (id, original_file_name, stored_file_name, s3_url, s3_key, original_file_size, original_content_type, compressed_file_size, converted_content_type, image_target, delete_status, created_at, updated_at) VALUES ('01939a8c-3078-7000-8000-000000000001-images', 'xbox.jpg', 'xbox.webp', 'https://s3.amazonaws.com/products/xbox.webp', 'products/xbox.webp', 1350000, 'image/jpeg', 337500, 'WEBP', 'PRODUCT', 'N', NOW(), NOW());
INSERT INTO product_post (id, user_id, category_id, title, name, price, description, status, trade_status, view_count, liked_count, delete_status, created_at, updated_at) VALUES ('01939a8c-4078-7000-8000-000000000001-product', '01939a8c-5000-7000-8000-000000000078-user', '01939a8c-1234-7000-8000-000000000013-category', 'Xbox Series X 1TB', 'Xbox Series X', 480000, '1년 사용, 게임패스 3개월 포함, 작동 완벽', 'GOOD', 'SELLING', 0, 0, 'N', NOW(), NOW());
INSERT INTO product_post_images (id, product_post_id, image_id, display_order, is_primary, delete_status, created_at, updated_at) VALUES ('01939a8c-6078-7000-8000-000000000001-product_post_images', '01939a8c-4078-7000-8000-000000000001-product', '01939a8c-3078-7000-8000-000000000001-images', 0, true, 'N', NOW(), NOW());
INSERT INTO product_post_tag (product_post_id, tag_id) VALUES ('01939a8c-4078-7000-8000-000000000001-product', '01939a8c-2000-7000-8000-000000000041-tag'), ('01939a8c-4078-7000-8000-000000000001-product', '01939a8c-2000-7000-8000-000000000009-tag');

-- #79: 닌텐도 게임팩
INSERT INTO images (id, original_file_name, stored_file_name, s3_url, s3_key, original_file_size, original_content_type, compressed_file_size, converted_content_type, image_target, delete_status, created_at, updated_at) VALUES ('01939a8c-3079-7000-8000-000000000001-images', 'switchgame.jpg', 'switchgame.webp', 'https://s3.amazonaws.com/products/switchgame.webp', 'products/switchgame.webp', 950000, 'image/jpeg', 237500, 'WEBP', 'PRODUCT', 'N', NOW(), NOW());
INSERT INTO product_post (id, user_id, category_id, title, name, price, description, status, trade_status, view_count, liked_count, delete_status, created_at, updated_at) VALUES ('01939a8c-4079-7000-8000-000000000001-product', '01939a8c-5000-7000-8000-000000000079-user', '01939a8c-1234-7000-8000-000000000013-category', '젤다의 전설 티어스 오브 더 킹덤', 'Zelda TOTK', 48000, '1회 플레이, 거의 새것, 정품 팩', 'GOOD', 'SELLING', 0, 0, 'N', NOW(), NOW());
INSERT INTO product_post_images (id, product_post_id, image_id, display_order, is_primary, delete_status, created_at, updated_at) VALUES ('01939a8c-6079-7000-8000-000000000001-product_post_images', '01939a8c-4079-7000-8000-000000000001-product', '01939a8c-3079-7000-8000-000000000001-images', 0, true, 'N', NOW(), NOW());
INSERT INTO product_post_tag (product_post_id, tag_id) VALUES ('01939a8c-4079-7000-8000-000000000001-product', '01939a8c-2000-7000-8000-000000000002-tag'), ('01939a8c-4079-7000-8000-000000000001-product', '01939a8c-2000-7000-8000-000000000037-tag');

-- #80: 레고 세트
INSERT INTO images (id, original_file_name, stored_file_name, s3_url, s3_key, original_file_size, original_content_type, compressed_file_size, converted_content_type, image_target, delete_status, created_at, updated_at) VALUES ('01939a8c-3080-7000-8000-000000000001-images', 'lego.jpg', 'lego.webp', 'https://s3.amazonaws.com/products/lego.webp', 'products/lego.webp', 1200000, 'image/jpeg', 300000, 'WEBP', 'PRODUCT', 'N', NOW(), NOW());
INSERT INTO product_post (id, user_id, category_id, title, name, price, description, status, trade_status, view_count, liked_count, delete_status, created_at, updated_at) VALUES ('01939a8c-4080-7000-8000-000000000001-product', '01939a8c-5000-7000-8000-000000000080-user', '01939a8c-1234-7000-8000-000000000014-category', '레고 크리에이터 타지마할', 'LEGO Taj Mahal', 450000, '미개봉 새상품, 단종 제품, 박스 완벽', 'NEW', 'SELLING', 0, 0, 'N', NOW(), NOW());
INSERT INTO product_post_images (id, product_post_id, image_id, display_order, is_primary, delete_status, created_at, updated_at) VALUES ('01939a8c-6080-7000-8000-000000000001-product_post_images', '01939a8c-4080-7000-8000-000000000001-product', '01939a8c-3080-7000-8000-000000000001-images', 0, true, 'N', NOW(), NOW());
INSERT INTO product_post_tag (product_post_id, tag_id) VALUES ('01939a8c-4080-7000-8000-000000000001-product', '01939a8c-2000-7000-8000-000000000004-tag'), ('01939a8c-4080-7000-8000-000000000001-product', '01939a8c-2000-7000-8000-000000000039-tag');

-- #81: 드론
INSERT INTO images (id, original_file_name, stored_file_name, s3_url, s3_key, original_file_size, original_content_type, compressed_file_size, converted_content_type, image_target, delete_status, created_at, updated_at) VALUES ('01939a8c-3081-7000-8000-000000000001-images', 'drone.jpg', 'drone.webp', 'https://s3.amazonaws.com/products/drone.webp', 'products/drone.webp', 1450000, 'image/jpeg', 362500, 'WEBP', 'PRODUCT', 'N', NOW(), NOW());
INSERT INTO product_post (id, user_id, category_id, title, name, price, description, status, trade_status, view_count, liked_count, delete_status, created_at, updated_at) VALUES ('01939a8c-4081-7000-8000-000000000001-product', '01939a8c-5000-7000-8000-000000000081-user', '01939a8c-1234-7000-8000-000000000013-category', 'DJI 미니 3 프로', 'DJI Mini 3 Pro', 750000, '6개월 사용, 배터리 2개, 케이스 포함', 'GOOD', 'SELLING', 0, 0, 'N', NOW(), NOW());
INSERT INTO product_post_images (id, product_post_id, image_id, display_order, is_primary, delete_status, created_at, updated_at) VALUES ('01939a8c-6081-7000-8000-000000000001-product_post_images', '01939a8c-4081-7000-8000-000000000001-product', '01939a8c-3081-7000-8000-000000000001-images', 0, true, 'N', NOW(), NOW());
INSERT INTO product_post_tag (product_post_id, tag_id) VALUES ('01939a8c-4081-7000-8000-000000000001-product', '01939a8c-2000-7000-8000-000000000009-tag'), ('01939a8c-4081-7000-8000-000000000001-product', '01939a8c-2000-7000-8000-000000000042-tag');

-- #82: 전동 킥보드
INSERT INTO images (id, original_file_name, stored_file_name, s3_url, s3_key, original_file_size, original_content_type, compressed_file_size, converted_content_type, image_target, delete_status, created_at, updated_at) VALUES ('01939a8c-3082-7000-8000-000000000001-images', 'kickboard.jpg', 'kickboard.webp', 'https://s3.amazonaws.com/products/kickboard.webp', 'products/kickboard.webp', 1600000, 'image/jpeg', 400000, 'WEBP', 'PRODUCT', 'N', NOW(), NOW());
INSERT INTO product_post (id, user_id, category_id, title, name, price, description, status, trade_status, view_count, liked_count, delete_status, created_at, updated_at) VALUES ('01939a8c-4082-7000-8000-000000000001-product', '01939a8c-5000-7000-8000-000000000082-user', '01939a8c-1234-7000-8000-000000000007-category', '샤오미 전동킥보드 프로2', 'Xiaomi Scooter Pro 2', 380000, '1년 사용, 배터리 수명 좋음, 직거래만 가능', 'GOOD', 'SELLING', 0, 0, 'N', NOW(), NOW());
INSERT INTO product_post_images (id, product_post_id, image_id, display_order, is_primary, delete_status, created_at, updated_at) VALUES ('01939a8c-6082-7000-8000-000000000001-product_post_images', '01939a8c-4082-7000-8000-000000000001-product', '01939a8c-3082-7000-8000-000000000001-images', 0, true, 'N', NOW(), NOW());
INSERT INTO product_post_tag (product_post_id, tag_id) VALUES ('01939a8c-4082-7000-8000-000000000001-product', '01939a8c-2000-7000-8000-000000000009-tag'), ('01939a8c-4082-7000-8000-000000000001-product', '01939a8c-2000-7000-8000-000000000005-tag');

-- #83: 자전거
INSERT INTO images (id, original_file_name, stored_file_name, s3_url, s3_key, original_file_size, original_content_type, compressed_file_size, converted_content_type, image_target, delete_status, created_at, updated_at) VALUES ('01939a8c-3083-7000-8000-000000000001-images', 'bike.jpg', 'bike.webp', 'https://s3.amazonaws.com/products/bike.webp', 'products/bike.webp', 1700000, 'image/jpeg', 425000, 'WEBP', 'PRODUCT', 'N', NOW(), NOW());
INSERT INTO product_post (id, user_id, category_id, title, name, price, description, status, trade_status, view_count, liked_count, delete_status, created_at, updated_at) VALUES ('01939a8c-4083-7000-8000-000000000001-product', '01939a8c-5000-7000-8000-000000000083-user', '01939a8c-1234-7000-8000-000000000007-category', '트렉 로드바이크 FX3', 'Trek FX3', 650000, '1년 사용, 정비 완료, 직거래만 가능', 'GOOD', 'SELLING', 0, 0, 'N', NOW(), NOW());
INSERT INTO product_post_images (id, product_post_id, image_id, display_order, is_primary, delete_status, created_at, updated_at) VALUES ('01939a8c-6083-7000-8000-000000000001-product_post_images', '01939a8c-4083-7000-8000-000000000001-product', '01939a8c-3083-7000-8000-000000000001-images', 0, true, 'N', NOW(), NOW());
INSERT INTO product_post_tag (product_post_id, tag_id) VALUES ('01939a8c-4083-7000-8000-000000000001-product', '01939a8c-2000-7000-8000-000000000009-tag'), ('01939a8c-4083-7000-8000-000000000001-product', '01939a8c-2000-7000-8000-000000000005-tag');

-- #84: 런닝머신
INSERT INTO images (id, original_file_name, stored_file_name, s3_url, s3_key, original_file_size, original_content_type, compressed_file_size, converted_content_type, image_target, delete_status, created_at, updated_at) VALUES ('01939a8c-3084-7000-8000-000000000001-images', 'treadmill.jpg', 'treadmill.webp', 'https://s3.amazonaws.com/products/treadmill.webp', 'products/treadmill.webp', 1800000, 'image/jpeg', 450000, 'WEBP', 'PRODUCT', 'N', NOW(), NOW());
INSERT INTO product_post (id, user_id, category_id, title, name, price, description, status, trade_status, view_count, liked_count, delete_status, created_at, updated_at) VALUES ('01939a8c-4084-7000-8000-000000000001-product', '01939a8c-5000-7000-8000-000000000084-user', '01939a8c-1234-7000-8000-000000000007-category', '존슨 런닝머신 T8000', 'Johnson Treadmill', 850000, '2년 사용, 작동 완벽, 직거래만 가능', 'GOOD', 'SELLING', 0, 0, 'N', NOW(), NOW());
INSERT INTO product_post_images (id, product_post_id, image_id, display_order, is_primary, delete_status, created_at, updated_at) VALUES ('01939a8c-6084-7000-8000-000000000001-product_post_images', '01939a8c-4084-7000-8000-000000000001-product', '01939a8c-3084-7000-8000-000000000001-images', 0, true, 'N', NOW(), NOW());
INSERT INTO product_post_tag (product_post_id, tag_id) VALUES ('01939a8c-4084-7000-8000-000000000001-product', '01939a8c-2000-7000-8000-000000000036-tag'), ('01939a8c-4084-7000-8000-000000000001-product', '01939a8c-2000-7000-8000-000000000005-tag');

-- #85: 실내 자전거
INSERT INTO images (id, original_file_name, stored_file_name, s3_url, s3_key, original_file_size, original_content_type, compressed_file_size, converted_content_type, image_target, delete_status, created_at, updated_at) VALUES ('01939a8c-3085-7000-8000-000000000001-images', 'spinbike.jpg', 'spinbike.webp', 'https://s3.amazonaws.com/products/spinbike.webp', 'products/spinbike.webp', 1650000, 'image/jpeg', 412500, 'WEBP', 'PRODUCT', 'N', NOW(), NOW());
INSERT INTO product_post (id, user_id, category_id, title, name, price, description, status, trade_status, view_count, liked_count, delete_status, created_at, updated_at) VALUES ('01939a8c-4085-7000-8000-000000000001-product', '01939a8c-5000-7000-8000-000000000085-user', '01939a8c-1234-7000-8000-000000000007-category', '스피닝 바이크 실내용', 'Spinning Bike', 280000, '1년 사용, 소음 적음, 직거래 가능', 'GOOD', 'SELLING', 0, 0, 'N', NOW(), NOW());
INSERT INTO product_post_images (id, product_post_id, image_id, display_order, is_primary, delete_status, created_at, updated_at) VALUES ('01939a8c-6085-7000-8000-000000000001-product_post_images', '01939a8c-4085-7000-8000-000000000001-product', '01939a8c-3085-7000-8000-000000000001-images', 0, true, 'N', NOW(), NOW());
INSERT INTO product_post_tag (product_post_id, tag_id) VALUES ('01939a8c-4085-7000-8000-000000000001-product', '01939a8c-2000-7000-8000-000000000036-tag'), ('01939a8c-4085-7000-8000-000000000001-product', '01939a8c-2000-7000-8000-000000000009-tag');

-- #86: 프로틴
INSERT INTO images (id, original_file_name, stored_file_name, s3_url, s3_key, original_file_size, original_content_type, compressed_file_size, converted_content_type, image_target, delete_status, created_at, updated_at) VALUES ('01939a8c-3086-7000-8000-000000000001-images', 'protein.jpg', 'protein.webp', 'https://s3.amazonaws.com/products/protein.webp', 'products/protein.webp', 1100000, 'image/jpeg', 275000, 'WEBP', 'PRODUCT', 'N', NOW(), NOW());
INSERT INTO product_post (id, user_id, category_id, title, name, price, description, status, trade_status, view_count, liked_count, delete_status, created_at, updated_at) VALUES ('01939a8c-4086-7000-8000-000000000001-product', '01939a8c-5000-7000-8000-000000000086-user', '01939a8c-1234-7000-8000-000000000010-category', '마이프로틴 임팩트 5kg', 'Myprotein Impact', 85000, '미개봉, 유통기한 2026년, 초코맛', 'NEW', 'SELLING', 0, 0, 'N', NOW(), NOW());
INSERT INTO product_post_images (id, product_post_id, image_id, display_order, is_primary, delete_status, created_at, updated_at) VALUES ('01939a8c-6086-7000-8000-000000000001-product_post_images', '01939a8c-4086-7000-8000-000000000001-product', '01939a8c-3086-7000-8000-000000000001-images', 0, true, 'N', NOW(), NOW());
INSERT INTO product_post_tag (product_post_id, tag_id) VALUES ('01939a8c-4086-7000-8000-000000000001-product', '01939a8c-2000-7000-8000-000000000004-tag'), ('01939a8c-4086-7000-8000-000000000001-product', '01939a8c-2000-7000-8000-000000000036-tag');

-- #87: 베개
INSERT INTO images (id, original_file_name, stored_file_name, s3_url, s3_key, original_file_size, original_content_type, compressed_file_size, converted_content_type, image_target, delete_status, created_at, updated_at) VALUES ('01939a8c-3087-7000-8000-000000000001-images', 'pillow.jpg', 'pillow.webp', 'https://s3.amazonaws.com/products/pillow.webp', 'products/pillow.webp', 1050000, 'image/jpeg', 262500, 'WEBP', 'PRODUCT', 'N', NOW(), NOW());
INSERT INTO product_post (id, user_id, category_id, title, name, price, description, status, trade_status, view_count, liked_count, delete_status, created_at, updated_at) VALUES ('01939a8c-4087-7000-8000-000000000001-product', '01939a8c-5000-7000-8000-000000000087-user', '01939a8c-1234-7000-8000-000000000006-category', '템퍼 메모리폼 베개', 'Tempur Memory Foam', 85000, '6개월 사용, 세탁 완료, 깨끗함', 'GOOD', 'SELLING', 0, 0, 'N', NOW(), NOW());
INSERT INTO product_post_images (id, product_post_id, image_id, display_order, is_primary, delete_status, created_at, updated_at) VALUES ('01939a8c-6087-7000-8000-000000000001-product_post_images', '01939a8c-4087-7000-8000-000000000001-product', '01939a8c-3087-7000-8000-000000000001-images', 0, true, 'N', NOW(), NOW());
INSERT INTO product_post_tag (product_post_id, tag_id) VALUES ('01939a8c-4087-7000-8000-000000000001-product', '01939a8c-2000-7000-8000-000000000009-tag'), ('01939a8c-4087-7000-8000-000000000001-product', '01939a8c-2000-7000-8000-000000000006-tag');

-- #88: 이불
INSERT INTO images (id, original_file_name, stored_file_name, s3_url, s3_key, original_file_size, original_content_type, compressed_file_size, converted_content_type, image_target, delete_status, created_at, updated_at) VALUES ('01939a8c-3088-7000-8000-000000000001-images', 'comforter.jpg', 'comforter.webp', 'https://s3.amazonaws.com/products/comforter.webp', 'products/comforter.webp', 1300000, 'image/jpeg', 325000, 'WEBP', 'PRODUCT', 'N', NOW(), NOW());
INSERT INTO product_post (id, user_id, category_id, title, name, price, description, status, trade_status, view_count, liked_count, delete_status, created_at, updated_at) VALUES ('01939a8c-4088-7000-8000-000000000001-product', '01939a8c-5000-7000-8000-000000000088-user', '01939a8c-1234-7000-8000-000000000006-category', '구스다운 이불 퀸사이즈', 'Goose Down Comforter', 150000, '1년 사용, 세탁 완료, 보송보송', 'GOOD', 'SELLING', 0, 0, 'N', NOW(), NOW());
INSERT INTO product_post_images (id, product_post_id, image_id, display_order, is_primary, delete_status, created_at, updated_at) VALUES ('01939a8c-6088-7000-8000-000000000001-product_post_images', '01939a8c-4088-7000-8000-000000000001-product', '01939a8c-3088-7000-8000-000000000001-images', 0, true, 'N', NOW(), NOW());
INSERT INTO product_post_tag (product_post_id, tag_id) VALUES ('01939a8c-4088-7000-8000-000000000001-product', '01939a8c-2000-7000-8000-000000000033-tag'), ('01939a8c-4088-7000-8000-000000000001-product', '01939a8c-2000-7000-8000-000000000009-tag');

-- #89: 침대 매트리스
INSERT INTO images (id, original_file_name, stored_file_name, s3_url, s3_key, original_file_size, original_content_type, compressed_file_size, converted_content_type, image_target, delete_status, created_at, updated_at) VALUES ('01939a8c-3089-7000-8000-000000000001-images', 'mattress.jpg', 'mattress.webp', 'https://s3.amazonaws.com/products/mattress.webp', 'products/mattress.webp', 1850000, 'image/jpeg', 462500, 'WEBP', 'PRODUCT', 'N', NOW(), NOW());
INSERT INTO product_post (id, user_id, category_id, title, name, price, description, status, trade_status, view_count, liked_count, delete_status, created_at, updated_at) VALUES ('01939a8c-4089-7000-8000-000000000001-product', '01939a8c-5000-7000-8000-000000000089-user', '01939a8c-1234-7000-8000-000000000001-category', '시몬스 매트리스 퀸', 'Simmons Mattress', 650000, '2년 사용, 직거래만 가능, 상태 좋음', 'GOOD', 'SELLING', 0, 0, 'N', NOW(), NOW());
INSERT INTO product_post_images (id, product_post_id, image_id, display_order, is_primary, delete_status, created_at, updated_at) VALUES ('01939a8c-6089-7000-8000-000000000001-product_post_images', '01939a8c-4089-7000-8000-000000000001-product', '01939a8c-3089-7000-8000-000000000001-images', 0, true, 'N', NOW(), NOW());
INSERT INTO product_post_tag (product_post_id, tag_id) VALUES ('01939a8c-4089-7000-8000-000000000001-product', '01939a8c-2000-7000-8000-000000000009-tag'), ('01939a8c-4089-7000-8000-000000000001-product', '01939a8c-2000-7000-8000-000000000005-tag');

-- #90: 침대 프레임
INSERT INTO images (id, original_file_name, stored_file_name, s3_url, s3_key, original_file_size, original_content_type, compressed_file_size, converted_content_type, image_target, delete_status, created_at, updated_at) VALUES ('01939a8c-3090-7000-8000-000000000001-images', 'bedframe.jpg', 'bedframe.webp', 'https://s3.amazonaws.com/products/bedframe.webp', 'products/bedframe.webp', 1750000, 'image/jpeg', 437500, 'WEBP', 'PRODUCT', 'N', NOW(), NOW());
INSERT INTO product_post (id, user_id, category_id, title, name, price, description, status, trade_status, view_count, liked_count, delete_status, created_at, updated_at) VALUES ('01939a8c-4090-7000-8000-000000000001-product', '01939a8c-5000-7000-8000-000000000090-user', '01939a8c-1234-7000-8000-000000000001-category', '에이스침대 프레임 퀸', 'ACE Bed Frame', 380000, '3년 사용, 수납형, 직거래만 가능', 'GOOD', 'SELLING', 0, 0, 'N', NOW(), NOW());
INSERT INTO product_post_images (id, product_post_id, image_id, display_order, is_primary, delete_status, created_at, updated_at) VALUES ('01939a8c-6090-7000-8000-000000000001-product_post_images', '01939a8c-4090-7000-8000-000000000001-product', '01939a8c-3090-7000-8000-000000000001-images', 0, true, 'N', NOW(), NOW());
INSERT INTO product_post_tag (product_post_id, tag_id) VALUES ('01939a8c-4090-7000-8000-000000000001-product', '01939a8c-2000-7000-8000-000000000009-tag'), ('01939a8c-4090-7000-8000-000000000001-product', '01939a8c-2000-7000-8000-000000000005-tag');

-- #91: 옷장
INSERT INTO images (id, original_file_name, stored_file_name, s3_url, s3_key, original_file_size, original_content_type, compressed_file_size, converted_content_type, image_target, delete_status, created_at, updated_at) VALUES ('01939a8c-3091-7000-8000-000000000001-images', 'wardrobe.jpg', 'wardrobe.webp', 'https://s3.amazonaws.com/products/wardrobe.webp', 'products/wardrobe.webp', 1900000, 'image/jpeg', 475000, 'WEBP', 'PRODUCT', 'N', NOW(), NOW());
INSERT INTO product_post (id, user_id, category_id, title, name, price, description, status, trade_status, view_count, liked_count, delete_status, created_at, updated_at) VALUES ('01939a8c-4091-7000-8000-000000000001-product', '01939a8c-5000-7000-8000-000000000091-user', '01939a8c-1234-7000-8000-000000000001-category', '한샘 슬라이딩 옷장', 'Hanssem Wardrobe', 280000, '2년 사용, 상태 양호, 직거래만 가능', 'GOOD', 'SELLING', 0, 0, 'N', NOW(), NOW());
INSERT INTO product_post_images (id, product_post_id, image_id, display_order, is_primary, delete_status, created_at, updated_at) VALUES ('01939a8c-6091-7000-8000-000000000001-product_post_images', '01939a8c-4091-7000-8000-000000000001-product', '01939a8c-3091-7000-8000-000000000001-images', 0, true, 'N', NOW(), NOW());
INSERT INTO product_post_tag (product_post_id, tag_id) VALUES ('01939a8c-4091-7000-8000-000000000001-product', '01939a8c-2000-7000-8000-000000000009-tag'), ('01939a8c-4091-7000-8000-000000000001-product', '01939a8c-2000-7000-8000-000000000005-tag');

-- #92: 화장대
INSERT INTO images (id, original_file_name, stored_file_name, s3_url, s3_key, original_file_size, original_content_type, compressed_file_size, converted_content_type, image_target, delete_status, created_at, updated_at) VALUES ('01939a8c-3092-7000-8000-000000000001-images', 'dresser.jpg', 'dresser.webp', 'https://s3.amazonaws.com/products/dresser.webp', 'products/dresser.webp', 1650000, 'image/jpeg', 412500, 'WEBP', 'PRODUCT', 'N', NOW(), NOW());
INSERT INTO product_post (id, user_id, category_id, title, name, price, description, status, trade_status, view_count, liked_count, delete_status, created_at, updated_at) VALUES ('01939a8c-4092-7000-8000-000000000001-product', '01939a8c-5000-7000-8000-000000000092-user', '01939a8c-1234-7000-8000-000000000001-category', 'LED 조명 화장대', 'LED Dresser', 180000, '1년 사용, 거울 깨끗, 직거래 가능', 'GOOD', 'SELLING', 0, 0, 'N', NOW(), NOW());
INSERT INTO product_post_images (id, product_post_id, image_id, display_order, is_primary, delete_status, created_at, updated_at) VALUES ('01939a8c-6092-7000-8000-000000000001-product_post_images', '01939a8c-4092-7000-8000-000000000001-product', '01939a8c-3092-7000-8000-000000000001-images', 0, true, 'N', NOW(), NOW());
INSERT INTO product_post_tag (product_post_id, tag_id) VALUES ('01939a8c-4092-7000-8000-000000000001-product', '01939a8c-2000-7000-8000-000000000009-tag'), ('01939a8c-4092-7000-8000-000000000001-product', '01939a8c-2000-7000-8000-000000000005-tag');

-- #93: 책장
INSERT INTO images (id, original_file_name, stored_file_name, s3_url, s3_key, original_file_size, original_content_type, compressed_file_size, converted_content_type, image_target, delete_status, created_at, updated_at) VALUES ('01939a8c-3093-7000-8000-000000000001-images', 'bookshelf.jpg', 'bookshelf.webp', 'https://s3.amazonaws.com/products/bookshelf.webp', 'products/bookshelf.webp', 1550000, 'image/jpeg', 387500, 'WEBP', 'PRODUCT', 'N', NOW(), NOW());
INSERT INTO product_post (id, user_id, category_id, title, name, price, description, status, trade_status, view_count, liked_count, delete_status, created_at, updated_at) VALUES ('01939a8c-4093-7000-8000-000000000001-product', '01939a8c-5000-7000-8000-000000000093-user', '01939a8c-1234-7000-8000-000000000001-category', '6단 원목 책장', 'Wood Bookshelf', 95000, '2년 사용, 튼튼함, 직거래 가능', 'GOOD', 'SELLING', 0, 0, 'N', NOW(), NOW());
INSERT INTO product_post_images (id, product_post_id, image_id, display_order, is_primary, delete_status, created_at, updated_at) VALUES ('01939a8c-6093-7000-8000-000000000001-product_post_images', '01939a8c-4093-7000-8000-000000000001-product', '01939a8c-3093-7000-8000-000000000001-images', 0, true, 'N', NOW(), NOW());
INSERT INTO product_post_tag (product_post_id, tag_id) VALUES ('01939a8c-4093-7000-8000-000000000001-product', '01939a8c-2000-7000-8000-000000000009-tag'), ('01939a8c-4093-7000-8000-000000000001-product', '01939a8c-2000-7000-8000-000000000005-tag');

-- #94: TV 거치대
INSERT INTO images (id, original_file_name, stored_file_name, s3_url, s3_key, original_file_size, original_content_type, compressed_file_size, converted_content_type, image_target, delete_status, created_at, updated_at) VALUES ('01939a8c-3094-7000-8000-000000000001-images', 'tvstand.jpg', 'tvstand.webp', 'https://s3.amazonaws.com/products/tvstand.webp', 'products/tvstand.webp', 1450000, 'image/jpeg', 362500, 'WEBP', 'PRODUCT', 'N', NOW(), NOW());
INSERT INTO product_post (id, user_id, category_id, title, name, price, description, status, trade_status, view_count, liked_count, delete_status, created_at, updated_at) VALUES ('01939a8c-4094-7000-8000-000000000001-product', '01939a8c-5000-7000-8000-000000000094-user', '01939a8c-1234-7000-8000-000000000001-category', '회전형 TV 거치대 55인치', 'Swivel TV Stand', 85000, '1년 사용, 튼튼함, 설치 간단', 'GOOD', 'SELLING', 0, 0, 'N', NOW(), NOW());
INSERT INTO product_post_images (id, product_post_id, image_id, display_order, is_primary, delete_status, created_at, updated_at) VALUES ('01939a8c-6094-7000-8000-000000000001-product_post_images', '01939a8c-4094-7000-8000-000000000001-product', '01939a8c-3094-7000-8000-000000000001-images', 0, true, 'N', NOW(), NOW());
INSERT INTO product_post_tag (product_post_id, tag_id) VALUES ('01939a8c-4094-7000-8000-000000000001-product', '01939a8c-2000-7000-8000-000000000009-tag'), ('01939a8c-4094-7000-8000-000000000001-product', '01939a8c-2000-7000-8000-000000000006-tag');

-- #95: 거실장
INSERT INTO images (id, original_file_name, stored_file_name, s3_url, s3_key, original_file_size, original_content_type, compressed_file_size, converted_content_type, image_target, delete_status, created_at, updated_at) VALUES ('01939a8c-3095-7000-8000-000000000001-images', 'livingcabinet.jpg', 'livingcabinet.webp', 'https://s3.amazonaws.com/products/livingcabinet.webp', 'products/livingcabinet.webp', 1800000, 'image/jpeg', 450000, 'WEBP', 'PRODUCT', 'N', NOW(), NOW());
INSERT INTO product_post (id, user_id, category_id, title, name, price, description, status, trade_status, view_count, liked_count, delete_status, created_at, updated_at) VALUES ('01939a8c-4095-7000-8000-000000000001-product', '01939a8c-5000-7000-8000-000000000095-user', '01939a8c-1234-7000-8000-000000000001-category', '대리석 거실장 2.4m', 'Marble Living Cabinet', 350000, '3년 사용, 직거래만 가능, 상태 양호', 'GOOD', 'SELLING', 0, 0, 'N', NOW(), NOW());
INSERT INTO product_post_images (id, product_post_id, image_id, display_order, is_primary, delete_status, created_at, updated_at) VALUES ('01939a8c-6095-7000-8000-000000000001-product_post_images', '01939a8c-4095-7000-8000-000000000001-product', '01939a8c-3095-7000-8000-000000000001-images', 0, true, 'N', NOW(), NOW());
INSERT INTO product_post_tag (product_post_id, tag_id) VALUES ('01939a8c-4095-7000-8000-000000000001-product', '01939a8c-2000-7000-8000-000000000009-tag'), ('01939a8c-4095-7000-8000-000000000001-product', '01939a8c-2000-7000-8000-000000000005-tag');

-- #96: 신발장
INSERT INTO images (id, original_file_name, stored_file_name, s3_url, s3_key, original_file_size, original_content_type, compressed_file_size, converted_content_type, image_target, delete_status, created_at, updated_at) VALUES ('01939a8c-3096-7000-8000-000000000001-images', 'shoerack.jpg', 'shoerack.webp', 'https://s3.amazonaws.com/products/shoerack.webp', 'products/shoerack.webp', 1350000, 'image/jpeg', 337500, 'WEBP', 'PRODUCT', 'N', NOW(), NOW());
INSERT INTO product_post (id, user_id, category_id, title, name, price, description, status, trade_status, view_count, liked_count, delete_status, created_at, updated_at) VALUES ('01939a8c-4096-7000-8000-000000000001-product', '01939a8c-5000-7000-8000-000000000096-user', '01939a8c-1234-7000-8000-000000000001-category', '슬라이딩 신발장 20켤레', 'Sliding Shoe Rack', 120000, '2년 사용, 깨끗한 상태, 직거래 가능', 'GOOD', 'SELLING', 0, 0, 'N', NOW(), NOW());
INSERT INTO product_post_images (id, product_post_id, image_id, display_order, is_primary, delete_status, created_at, updated_at) VALUES ('01939a8c-6096-7000-8000-000000000001-product_post_images', '01939a8c-4096-7000-8000-000000000001-product', '01939a8c-3096-7000-8000-000000000001-images', 0, true, 'N', NOW(), NOW());
INSERT INTO product_post_tag (product_post_id, tag_id) VALUES ('01939a8c-4096-7000-8000-000000000001-product', '01939a8c-2000-7000-8000-000000000009-tag'), ('01939a8c-4096-7000-8000-000000000001-product', '01939a8c-2000-7000-8000-000000000005-tag');

-- #97: 식탁 세트
INSERT INTO images (id, original_file_name, stored_file_name, s3_url, s3_key, original_file_size, original_content_type, compressed_file_size, converted_content_type, image_target, delete_status, created_at, updated_at) VALUES ('01939a8c-3097-7000-8000-000000000001-images', 'diningtable.jpg', 'diningtable.webp', 'https://s3.amazonaws.com/products/diningtable.webp', 'products/diningtable.webp', 1950000, 'image/jpeg', 487500, 'WEBP', 'PRODUCT', 'N', NOW(), NOW());
INSERT INTO product_post (id, user_id, category_id, title, name, price, description, status, trade_status, view_count, liked_count, delete_status, created_at, updated_at) VALUES ('01939a8c-4097-7000-8000-000000000001-product', '01939a8c-5000-7000-8000-000000000097-user', '01939a8c-1234-7000-8000-000000000001-category', '대리석 식탁 6인용 의자포함', 'Marble Dining Table', 480000, '2년 사용, 직거래만 가능, 깨끗함', 'GOOD', 'SELLING', 0, 0, 'N', NOW(), NOW());
INSERT INTO product_post_images (id, product_post_id, image_id, display_order, is_primary, delete_status, created_at, updated_at) VALUES ('01939a8c-6097-7000-8000-000000000001-product_post_images', '01939a8c-4097-7000-8000-000000000001-product', '01939a8c-3097-7000-8000-000000000001-images', 0, true, 'N', NOW(), NOW());
INSERT INTO product_post_tag (product_post_id, tag_id) VALUES ('01939a8c-4097-7000-8000-000000000001-product', '01939a8c-2000-7000-8000-000000000041-tag'), ('01939a8c-4097-7000-8000-000000000001-product', '01939a8c-2000-7000-8000-000000000005-tag');

-- #98: 냉장고
INSERT INTO images (id, original_file_name, stored_file_name, s3_url, s3_key, original_file_size, original_content_type, compressed_file_size, converted_content_type, image_target, delete_status, created_at, updated_at) VALUES ('01939a8c-3098-7000-8000-000000000001-images', 'refrigerator.jpg', 'refrigerator.webp', 'https://s3.amazonaws.com/products/refrigerator.webp', 'products/refrigerator.webp', 2000000, 'image/jpeg', 500000, 'WEBP', 'PRODUCT', 'N', NOW(), NOW());
INSERT INTO product_post (id, user_id, category_id, title, name, price, description, status, trade_status, view_count, liked_count, delete_status, created_at, updated_at) VALUES ('01939a8c-4098-7000-8000-000000000001-product', '01939a8c-5000-7000-8000-000000000098-user', '01939a8c-1234-7000-8000-000000000003-category', '삼성 비스포크 냉장고', 'Samsung Bespoke', 1800000, '2년 사용, 작동 완벽, 직거래만 가능', 'GOOD', 'SELLING', 0, 0, 'N', NOW(), NOW());
INSERT INTO product_post_images (id, product_post_id, image_id, display_order, is_primary, delete_status, created_at, updated_at) VALUES ('01939a8c-6098-7000-8000-000000000001-product_post_images', '01939a8c-4098-7000-8000-000000000001-product', '01939a8c-3098-7000-8000-000000000001-images', 0, true, 'N', NOW(), NOW());
INSERT INTO product_post_tag (product_post_id, tag_id) VALUES ('01939a8c-4098-7000-8000-000000000001-product', '01939a8c-2000-7000-8000-000000000009-tag'), ('01939a8c-4098-7000-8000-000000000001-product', '01939a8c-2000-7000-8000-000000000005-tag');

-- #99: 세탁기
INSERT INTO images (id, original_file_name, stored_file_name, s3_url, s3_key, original_file_size, original_content_type, compressed_file_size, converted_content_type, image_target, delete_status, created_at, updated_at) VALUES ('01939a8c-3099-7000-8000-000000000001-images', 'washer.jpg', 'washer.webp', 'https://s3.amazonaws.com/products/washer.webp', 'products/washer.webp', 1850000, 'image/jpeg', 462500, 'WEBP', 'PRODUCT', 'N', NOW(), NOW());
INSERT INTO product_post (id, user_id, category_id, title, name, price, description, status, trade_status, view_count, liked_count, delete_status, created_at, updated_at) VALUES ('01939a8c-4099-7000-8000-000000000001-product', '01939a8c-5000-7000-8000-000000000099-user', '01939a8c-1234-7000-8000-000000000003-category', 'LG 트롬 드럼세탁기 19kg', 'LG Tromm Washer', 650000, '3년 사용, 작동 완벽, 직거래만 가능', 'GOOD', 'SELLING', 0, 0, 'N', NOW(), NOW());
INSERT INTO product_post_images (id, product_post_id, image_id, display_order, is_primary, delete_status, created_at, updated_at) VALUES ('01939a8c-6099-7000-8000-000000000001-product_post_images', '01939a8c-4099-7000-8000-000000000001-product', '01939a8c-3099-7000-8000-000000000001-images', 0, true, 'N', NOW(), NOW());
INSERT INTO product_post_tag (product_post_id, tag_id) VALUES ('01939a8c-4099-7000-8000-000000000001-product', '01939a8c-2000-7000-8000-000000000009-tag'), ('01939a8c-4099-7000-8000-000000000001-product', '01939a8c-2000-7000-8000-000000000005-tag');

-- #100: 건조기
INSERT INTO images (id, original_file_name, stored_file_name, s3_url, s3_key, original_file_size, original_content_type, compressed_file_size, converted_content_type, image_target, delete_status, created_at, updated_at) VALUES ('01939a8c-3100-7000-8000-000000000001-images', 'dryer.jpg', 'dryer.webp', 'https://s3.amazonaws.com/products/dryer.webp', 'products/dryer.webp', 1750000, 'image/jpeg', 437500, 'WEBP', 'PRODUCT', 'N', NOW(), NOW());
INSERT INTO product_post (id, user_id, category_id, title, name, price, description, status, trade_status, view_count, liked_count, delete_status, created_at, updated_at) VALUES ('01939a8c-4100-7000-8000-000000000001-product', '01939a8c-5000-7000-8000-000000000100-user', '01939a8c-1234-7000-8000-000000000003-category', '삼성 그랑데 건조기 21kg', 'Samsung Grande Dryer', 580000, '2년 사용, 히트펌프 방식, 직거래만 가능', 'GOOD', 'SELLING', 0, 0, 'N', NOW(), NOW());
INSERT INTO product_post_images (id, product_post_id, image_id, display_order, is_primary, delete_status, created_at, updated_at) VALUES ('01939a8c-6100-7000-8000-000000000001-product_post_images', '01939a8c-4100-7000-8000-000000000001-product', '01939a8c-3100-7000-8000-000000000001-images', 0, true, 'N', NOW(), NOW());
INSERT INTO product_post_tag (product_post_id, tag_id) VALUES ('01939a8c-4100-7000-8000-000000000001-product', '01939a8c-2000-7000-8000-000000000009-tag'), ('01939a8c-4100-7000-8000-000000000001-product', '01939a8c-2000-7000-8000-000000000005-tag');